Region,4+DTaP,3+Polio,1+MMR,3+Hib,3+HepB,1+Var,3+PCV,2+HepA,Rotavirus,4:3:1,4:3:1:3:3:1,Year
US tiol         ,89.3±0.9,93.2±0.8,94.3±0.7,95.3±0.7,93.1±0.8,85.9±1.0,74.1±1.3,,,86.6±1.0,75.7±1.3,2003
Alabama,88.9±6.2,90.6±5.9,94.3±3.4,94.2±5.5,90.5±6.3,93.7±3.4,70.7±8.7,,,85.6±6.5,79.2±7.2,2003
   AL-Jefferson County,87.0±7.4,85.8±7.3,90.8±6.4,95.9±4.5,94.6±4.0,88.8±6.1,81.6±7.7,,,80.8±8.1,74.1±8.6,2003
   AL-Rest of State,89.3±7.3,91.5±6.9,94.9±3.8,93.9±6.5,89.8±7.4,94.6±3.9,,,,86.5±7.6,80.1±8.4,2003
Alaska,82.3±7.8,92.0±5.5,93.1±5.5,88.1±7.2,88.7±6.5,74.7±8.8,74.9±9.2,,,79.6±8.4,64.1±9.7,2003
Arizo,86.2±4.6,91.8±3.5,94.9±2.6,95.5±2.5,92.9±3.1,85.1±4.8,65.3±6.3,,,84.7±4.8,72.8±6.0,2003
   AZ-Maricopa County,88.6±5.6,93.7±3.9,95.6±3.0,96.7±2.8,94.3±3.8,84.1±6.4,65.6±8.1,,,87.6±5.7,73.4±7.7,2003
   AZ-Rest of State,80.5±8.1,87.2±7.2,93.2±4.9,92.7±5.0,89.6±5.3,87.6±5.6,64.4±9.5,,,77.7±8.5,71.4±8.8,2003
Arkansas,84.3±8.3,93.7±5.2,90.2±6.6,92.0±6.1,88.8±7.0,88.7±7.1,,,,84.3±8.3,80.4±8.9,2003
California,87.9±4.1,92.5±3.6,92.1±3.8,93.2±3.5,92.7±3.5,88.3±4.2,81.5±4.8,,,84.5±4.6,76.3±5.4,2003
   CA-Los Angeles County,89.3±6.9,93.5±5.6,93.6±6.2,95.1±4.8,90.9±6.6,89.8±6.9,,,,89.3±6.9,76.9±9.6,2003
   CA-San Diego County,89.4±6.3,94.1±4.3,94.6±4.3,93.8±5.3,91.4±5.2,88.7±6.0,82.3±6.9,,,86.5±7.0,76.2±8.9,2003
   CA-Santa Clara County,90.8±5.5,94.9±4.0,93.9±4.5,95.7±3.6,98.8±1.7,90.3±4.9,85.2±6.1,,,89.4±5.7,81.7±6.8,2003
   CA-Rest of State,87.0±6.0,91.8±5.3,91.1±5.5,92.3±5.2,92.6±5.0,87.6±6.1,83.0±6.6,,,82.2±6.7,75.4±7.7,2003
Colorado,79.6±6.9,92.5±3.7,89.0±5.4,92.1±4.0,93.4±3.4,82.4±6.1,60.4±8.1,,,75.8±7.1,68.9±7.5,2003
Connecticut,95.5±2.8,98.6±1.4,98.9±1.1,98.5±1.3,98.4±1.3,93.2±3.8,89.1±4.4,,,95.2±2.8,88.4±4.6,2003
Delaware,93.6±4.6,93.1±5.2,97.1±2.9,98.4±1.8,95.1±4.2,87.9±5.7,73.7±8.1,,,91.0±5.5,78.8±7.6,2003
District of Columbia,91.9±5.8,92.9±5.1,93.9±4.4,95.0±3.7,91.1±5.1,91.2±4.7,77.9±8.7,,,89.3±6.5,79.3±7.8,2003
Florida,92.4±3.6,94.5±3.1,96.2±2.5,97.5±1.7,93.1±3.3,92.0±4.0,67.6±6.7,,,90.4±3.9,81.0±5.3,2003
   FL-Miami-Dade County,92.4±5.2,92.8±5.0,94.1±4.2,94.8±4.8,91.2±5.4,83.2±7.1,55.6±9.7,,,88.7±5.8,71.7±8.5,2003
   FL-Duval County,87.0±6.4,91.2±5.5,97.0±3.9,92.6±5.4,96.5±2.7,89.9±6.7,75.2±8.6,,,85.5±6.6,76.9±8.2,2003
   FL-Rest of State,92.9±4.4,95.1±3.8,96.5±3.0,98.3±1.9,93.2±4.0,93.9±4.9,69.2±8.3,,,91.1±4.7,83.1±6.5,2003
Georgia,88.6±5.9,90.9±5.3,90.1±5.3,93.9±4.6,91.6±5.0,90.9±4.7,69.0±7.6,,,83.9±6.6,81.1±6.8,2003
   GA-Fulton/DeKalb Counties,91.2±4.0,92.4±3.6,96.1±2.7,96.4±2.6,94.9±3.2,88.7±5.5,73.6±7.2,,,89.4±4.3,82.7±6.1,2003
   GA-Rest of State,87.9±7.5,90.5±6.7,88.4±6.7,93.2±5.8,90.7±6.3,91.5±5.8,67.7±9.5,,,82.4±8.2,80.6±8.4,2003
Hawaii,88.1±7.1,88.2±7.0,94.2±5.4,93.0±5.9,91.9±6.0,86.7±8.5,79.3±9.7,,,85.2±7.7,77.2±9.7,2003
Idaho,81.9±8.0,88.7±6.4,92.1±6.2,90.1±5.7,84.8±7.7,73.0±8.5,76.5±8.0,,,80.3±8.1,59.8±9.5,2003
Illinois,91.3±4.0,93.9±3.4,95.7±2.8,95.7±3.0,93.0±4.1,78.8±5.9,68.0±6.9,,,89.2±4.3,71.2±6.6,2003
   IL-City of Chicago,88.3±7.3,89.9±6.6,94.2±5.1,96.9±3.9,91.7±6.0,86.4±8.1,82.1±8.0,,,83.3±8.5,76.0±9.8,2003
   IL-Rest of State,91.9±4.5,94.7±3.8,95.9±3.2,95.5±3.4,93.2±4.8,77.3±6.9,65.3±8.1,,,90.3±4.8,70.3±7.7,2003
India,91.6±4.8,94.5±4.4,95.6±3.0,96.6±2.4,94.9±2.8,73.1±8.1,79.3±6.9,,,90.5±5.2,66.2±8.7,2003
   IN-Marion County,84.8±7.3,92.3±4.8,93.5±4.6,96.6±3.3,90.7±6.0,73.7±8.7,80.4±7.7,,,84.8±7.3,66.1±9.5,2003
   IN-Rest of State,92.8±5.5,94.9±5.1,96.0±3.5,96.6±2.7,95.6±3.0,73.0±9.4,79.1±8.0,,,91.6±6.0,,2003
Iowa,91.9±4.3,96.7±2.7,95.2±3.4,96.0±3.1,95.4±3.7,74.3±7.7,66.7±7.6,,,90.5±4.7,66.8±8.2,2003
Kansas,84.3±7.3,94.2±4.6,89.7±5.6,94.4±4.5,89.2±5.8,76.0±7.9,69.5±8.5,,,82.6±7.6,67.0±8.8,2003
Kentucky,87.6±7.1,94.5±4.2,94.7±4.2,96.8±3.2,97.5±2.6,92.1±4.7,80.8±8.1,,,86.4±7.2,82.7±7.7,2003
Louisia,82.3±6.7,93.3±3.9,87.4±7.5,97.8±2.0,94.0±3.7,82.7±6.6,73.8±8.3,,,76.2±8.3,67.4±8.6,2003
   LA-Orleans Parish,85.1±8.9,89.9±7.7,91.8±7.2,92.1±7.4,89.6±8.1,83.4±9.1,,,,81.7±9.5,,2003
   LA-Rest of State,82.0±7.2,93.6±4.2,87.0±8.2,98.3±2.0,94.4±4.0,82.7±7.1,74.2±9.0,,,75.7±9.0,66.9±9.3,2003
Maine,93.2±4.7,94.9±3.8,94.7±4.1,97.9±2.1,90.8±4.4,80.2±6.5,79.2±6.6,,,89.7±5.5,72.9±7.3,2003
Maryland,92.1±3.5,96.2±2.4,95.6±2.7,97.1±2.1,91.7±5.2,92.2±3.7,75.9±7.0,,,90.5±3.9,80.0±6.5,2003
   MD-City of Baltimore,86.7±8.9,90.6±8.2,91.0±7.8,88.4±8.4,,86.8±8.8,,,,84.2±9.4,,2003
   MD-Rest of State,92.3±3.7,96.5±2.5,95.9±2.8,97.5±2.1,92.3±5.5,92.5±3.8,76.0±7.3,,,90.8±4.1,80.5±6.8,2003
Massachusetts,94.3±3.9,95.7±3.4,97.2±2.2,97.8±1.8,97.9±1.7,88.7±5.3,93.5±3.2,,,91.8±4.4,84.2±5.8,2003
   MA-City of Boston,93.0±7.7,99.9±0.1,95.6±3.9,96.8±6.0,97.1±3.3,97.5±2.7,90.7±7.4,,,89.3±8.3,86.2±8.7,2003
   MA-Rest of State,94.4±4.1,95.5±3.6,97.3±2.4,97.9±1.8,97.9±1.8,88.2±5.6,93.6±3.4,,,91.9±4.6,84.1±6.1,2003
Michigan,90.6±4.9,94.8±3.4,96.2±3.1,95.7±3.4,93.2±4.1,91.6±4.6,60.9±7.6,,,89.4±5.0,82.9±6.0,2003
   MI-City of Detroit,,,,,,,,,,,,2003
   MI-Rest of State,91.2±5.0,95.5±3.4,96.5±3.2,96.1±3.5,93.4±4.2,91.8±4.8,61.1±7.8,,,90.0±5.2,83.4±6.2,2003
Minnesota,96.3±2.5,96.9±2.3,96.5±3.4,97.7±2.0,96.6±3.0,83.3±7.1,82.9±6.8,,,94.0±3.9,78.5±7.8,2003
Mississippi,85.6±9.4,94.0±5.6,94.0±5.6,92.4±7.4,94.0±5.6,87.0±7.9,,,,85.6±9.4,,2003
Missouri,90.4±5.2,92.0±4.4,95.5±3.5,94.9±3.6,94.0±3.9,84.3±6.4,70.9±7.5,,,87.4±5.8,76.4±7.1,2003
Monta,88.0±5.4,91.2±4.8,91.6±4.7,93.6±4.3,89.4±5.5,73.6±7.6,66.4±8.4,,,86.4±5.7,64.2±8.2,2003
Nebraska,92.7±4.5,94.6±4.0,97.7±2.7,95.8±3.5,94.0±4.2,80.4±6.8,69.6±7.7,,,89.7±5.3,71.0±7.8,2003
Nevada,83.5±6.8,88.7±5.8,88.4±6.3,94.2±4.2,90.1±5.2,81.5±7.1,38.1±8.4,,,79.9±7.3,70.3±8.1,2003
New Hampshire,91.3±4.5,94.1±3.7,94.3±3.9,97.3±2.7,94.2±3.9,81.1±6.4,77.6±6.6,,,88.0±5.1,72.4±7.2,2003
New Jersey,87.6±5.6,91.1±4.6,93.4±4.1,94.5±3.8,92.1±4.6,76.6±7.8,79.6±6.6,,,83.2±6.3,67.3±8.3,2003
   NJ-City of Newark,,,,,96.2±7.3,,,,,,,2003
   NJ-Rest of State,87.7±5.7,91.1±4.7,93.3±4.1,94.5±3.8,92.1±4.6,76.9±7.8,80.0±6.7,,,83.3±6.4,67.6±8.3,2003
New Mexico,82.2±9.2,,93.6±5.1,89.2±7.1,89.0±7.1,82.3±9.3,,,,,,2003
New York,88.7±4.6,92.1±3.5,94.6±3.2,95.0±3.4,91.2±3.9,85.9±5.1,80.3±5.3,,,85.7±5.1,75.7±6.1,2003
   NY-City of New York,84.1±8.8,87.2±7.9,95.2±4.6,90.1±8.4,88.2±7.7,90.4±7.0,82.7±8.8,,,82.4±8.9,,2003
   NY-Rest of State,91.1±5.2,94.8±3.4,94.3±4.2,97.6±2.5,92.8±4.4,83.6±6.8,79.0±6.6,,,87.5±6.2,77.0±7.4,2003
North Caroli,94.2±4.8,96.9±3.9,98.3±3.2,,95.4±4.0,89.9±5.8,81.8±6.8,,,94.2±4.8,82.2±7.3,2003
North Dakota,88.7±5.7,90.0±5.3,93.1±4.1,97.6±2.7,95.8±3.9,77.4±7.1,60.1±8.6,,,85.0±6.5,67.6±8.2,2003
Ohio,88.4±5.0,93.3±3.6,96.6±2.1,96.4±3.0,93.6±3.8,84.0±5.2,70.8±7.4,,,87.7±5.0,75.4±6.4,2003
   OH-Cuyahoga County,93.2±4.7,95.5±3.9,95.2±4.0,96.1±3.5,95.7±3.5,88.1±5.6,79.8±6.8,,,91.9±4.9,82.8±6.5,2003
   OH-Franklin County,88.7±6.4,91.6±4.7,96.2±3.8,99.4±1.2,94.4±4.1,80.0±7.3,79.1±7.4,,,87.7±6.5,72.7±8.4,2003
   OH-Rest of State,87.7±6.3,93.2±4.6,96.8±2.5,96.0±3.8,93.2±4.9,84.0±6.6,68.3±9.4,,,87.1±6.4,74.8±8.2,2003
Oklahoma,76.9±9.3,86.3±7.3,91.3±5.8,91.7±5.9,87.1±7.4,90.3±6.0,,,,76.9±9.3,,2003
Oregon,87.1±6.5,92.7±5.0,90.7±5.6,96.4±2.9,90.9±5.1,86.1±6.5,76.2±7.9,,,80.4±7.9,72.3±8.7,2003
Pennsylvania,96.0±2.4,95.8±2.5,97.6±2.3,98.5±1.4,98.5±1.4,88.0±5.2,84.5±5.3,,,93.0±3.4,82.2±5.8,2003
   PA-Philadelphia County,87.8±7.9,92.1±6.3,94.9±5.7,92.9±6.3,92.9±6.3,88.4±7.8,79.7±9.7,,,86.4±8.1,76.7±10.0,2003
   PA-Rest of State,96.7±2.5,96.1±2.7,97.9±2.4,99.0±1.4,99.0±1.4,88.0±5.6,85.0±5.7,,,93.6±3.6,82.7±6.2,2003
Rhode Island,99.1±1.8,96.0±3.7,94.2±4.0,98.4±2.3,94.7±4.0,91.4±4.9,93.1±4.6,,,91.6±5.0,81.3±7.0,2003
South Caroli,85.6±7.9,89.9±6.4,90.4±5.5,95.0±4.1,92.5±5.0,87.5±6.7,86.0±6.9,,,84.1±8.3,78.7±9.0,2003
South Dakota,90.3±5.9,93.1±5.2,92.5±5.5,95.6±4.2,92.2±5.1,66.8±8.6,35.3±8.3,,,88.5±6.2,62.7±8.8,2003
Tennessee,86.1±5.8,90.7±7.0,95.8±2.4,95.7±2.2,94.7±2.5,88.6±5.2,81.3±5.8,,,81.9±7.7,74.2±7.9,2003
   TN-Davidson County,93.6±5.4,95.8±3.6,97.8±3.0,95.2±4.6,93.9±4.9,96.0±3.3,82.5±7.5,,,90.3±6.0,85.9±6.6,2003
   TN-Shelby County,87.9±6.0,90.5±5.7,93.2±5.2,91.4±5.3,90.7±5.4,89.3±5.6,85.3±6.5,,,84.0±6.9,76.8±7.5,2003
   TN-Rest of State,84.2±8.1,89.7±9.8,96.0±3.1,96.9±2.7,95.8±3.2,86.9±7.3,80.0±8.0,,,,,2003
Texas,87.6±4.5,93.1±3.2,95.3±2.7,92.7±3.7,89.9±4.1,91.2±3.6,64.0±6.9,,,84.9±4.7,75.1±5.8,2003
   TX-Bexar County,89.3±8.0,94.9±4.6,94.1±5.0,97.6±3.2,91.0±7.2,89.9±6.3,,,,88.1±8.1,84.3±8.7,2003
   TX-City of Houston,86.8±8.6,87.7±8.8,89.8±8.0,90.4±7.9,85.7±9.2,88.2±8.0,,,,82.4±9.9,,2003
   TX-Dallas County,84.6±8.0,89.4±7.4,95.0±4.2,94.2±4.7,90.4±5.5,90.7±5.6,69.2±9.0,,,82.0±8.3,74.1±9.0,2003
   TX-El Paso County,94.5±5.5,91.6±9.3,96.9±4.3,92.2±6.5,,,,,,90.2±9.6,,2003
   TX-Rest of State,87.9±5.9,94.3±4.1,96.0±3.5,92.3±5.0,90.2±5.4,91.8±4.8,61.4±9.3,,,85.3±6.2,74.8±7.7,2003
Utah,82.2±7.1,86.9±6.3,88.0±6.2,90.2±5.8,87.6±6.3,82.8±6.9,66.1±8.2,,,79.9±7.2,72.6±7.8,2003
Vermont,93.2±4.0,94.3±3.8,95.0±3.9,97.9±2.1,88.0±5.6,68.3±8.1,72.3±7.7,,,88.4±5.5,62.3±8.3,2003
Virginia,93.6±3.8,95.1±3.5,96.1±3.0,97.8±2.3,96.2±2.8,92.4±4.1,81.6±6.5,,,91.2±4.4,83.8±5.8,2003
Washington,87.4±5.3,93.2±3.7,93.0±3.9,95.3±2.9,93.0±3.3,67.2±6.9,70.2±6.4,,,83.9±5.7,59.1±7.0,2003
   WA-King County,89.1±5.7,91.7±5.4,95.0±3.3,97.1±2.3,90.3±4.8,77.4±8.1,73.6±8.3,,,84.6±6.4,66.9±8.5,2003
   WA-Rest of State,86.3±7.7,94.2±5.0,91.8±6.0,94.2±4.5,94.8±4.4,60.8±9.9,68.1±9.0,,,83.4±8.3,,2003
West Virginia,82.7±9.8,90.1±7.9,92.6±7.5,95.0±7.3,93.8±5.9,84.3±8.9,,,,81.3±9.9,,2003
Wisconsin,88.8±5.1,89.9±4.9,94.0±3.9,93.3±4.0,93.7±3.8,84.1±5.5,79.9±6.1,,,85.0±5.6,74.1±6.5,2003
   WI-Milwaukee County,93.2±5.2,94.8±4.5,96.6±3.4,95.0±4.6,93.9±4.7,84.1±7.2,85.2±6.5,,,89.6±6.1,75.2±8.2,2003
   WI-Rest of State,88.1±5.9,89.1±5.7,93.6±4.5,93.0±4.6,93.7±4.4,84.1±6.3,79.1±7.0,,,84.2±6.4,73.9±7.4,2003
Wyoming,86.9±5.5,92.4±4.2,92.8±4.1,97.5±2.3,90.9±4.8,68.7±8.0,68.3±8.0,,,83.5±6.1,59.4±8.6,2003
US tiol         ,88.8±1.0,92.5±0.9,94.0±0.7,94.1±0.8,92.6±0.9,87.6±1.0,77.7±1.3,,,86.8±1.1,78.0±1.3,2004
Alabama,93.4±4.6,92.6±5.4,93.3±5.0,96.2±4.1,95.5±3.7,90.9±5.8,79.4±8.1,,,90.3±5.7,86.0±6.5,2004
   AL-Jefferson County,90.1±6.1,92.9±5.2,93.6±5.5,97.1±3.9,96.3±4.1,91.9±6.0,89.1±7.3,,,86.7±6.8,82.2±7.5,2004
   AL-Rest of State,94.0±5.4,92.6±6.3,93.3±5.9,96.0±4.9,95.3±4.3,90.6±6.9,77.5±9.6,,,91.0±6.6,86.8±7.6,2004
Alaska,80.1±9.0,89.7±6.7,90.3±5.7,89.5±6.1,90.3±5.9,77.5±8.7,83.7±7.8,,,76.4±9.3,,2004
Arizo,81.8±6.1,88.1±5.3,93.6±3.2,89.7±5.1,86.3±5.7,85.6±5.1,68.5±7.0,,,80.7±6.2,69.8±7.0,2004
   AZ-Maricopa County,83.5±6.9,89.6±5.6,92.6±4.1,90.7±5.4,86.6±6.4,84.2±6.6,68.9±8.5,,,82.7±6.9,70.3±8.3,2004
   AZ-Rest of State,,,96.0±3.9,,,89.1±7.0,,,,,,2004
Arkansas,92.4±6.5,99.0±2.0,93.4±6.1,,97.0±4.4,96.4±3.5,,,,89.6±7.1,83.8±8.5,2004
California,86.6±4.8,91.1±4.1,93.4±3.3,91.2±4.1,89.0±4.3,88.1±4.3,81.7±5.2,,,85.1±4.9,76.6±5.8,2004
   CA-Los Angeles County,86.7±7.8,95.9±3.4,94.6±5.4,93.2±6.0,93.7±5.7,87.4±8.0,81.8±9.1,,,84.9±8.0,77.9±9.5,2004
   CA-San Diego County,87.2±6.3,88.4±5.0,90.0±6.2,90.9±5.7,86.1±6.1,87.2±6.7,79.5±7.6,,,82.0±7.0,74.7±8.0,2004
   CA-Santa Clara County,92.6±4.5,92.9±4.7,94.6±4.1,95.2±4.0,94.8±3.5,86.7±5.9,86.7±5.7,,,90.1±5.1,81.4±6.5,2004
   CA-Rest of State,85.7±7.2,89.7±6.4,93.5±4.9,90.1±6.2,87.2±6.7,88.7±6.4,81.4±7.7,,,85.0±7.3,75.9±8.8,2004
Colorado,85.0±6.0,90.1±5.3,91.2±4.9,92.3±4.9,87.1±6.2,87.0±5.8,74.4±7.2,,,82.7±6.3,74.9±7.4,2004
Connecticut,95.8±3.4,98.3±2.5,94.7±4.9,99.0±1.4,94.9±4.8,92.0±5.3,92.0±5.3,,,91.2±5.7,85.7±6.6,2004
Delaware,88.5±8.0,92.4±7.7,94.9±5.1,92.5±7.7,96.7±2.5,88.9±6.6,74.6±9.1,,,88.2±8.0,81.7±8.6,2004
District of Columbia,92.7±5.1,95.7±4.4,94.3±4.5,98.5±1.7,92.9±4.9,91.9±4.7,76.5±8.1,,,89.8±5.9,80.2±7.6,2004
Florida,90.6±4.3,92.8±3.6,93.6±3.8,98.1±1.6,95.5±3.1,87.9±6.2,62.5±8.3,,,88.6±4.7,80.0±7.0,2004
   FL-Miami-Dade County,85.7±8.9,86.6±8.5,89.6±6.9,97.2±3.6,93.9±4.8,74.7±9.8,,,,81.8±9.3,,2004
   FL-Duval County,,,,95.4±5.0,89.5±8.1,,,,,,,2004
   FL-Rest of State,92.0±5.0,94.2±4.0,94.8±4.4,98.4±1.8,96.1±3.6,90.4±7.4,62.4±10.0,,,90.4±5.4,82.8±8.4,2004
Georgia,87.5±7.0,93.6±4.6,90.5±6.2,92.2±4.8,92.8±5.1,91.6±4.8,70.9±8.3,,,85.9±7.1,81.4±7.4,2004
   GA-Fulton/DeKalb Counties,88.1±6.9,90.3±6.3,90.4±6.5,91.6±5.6,90.3±5.8,88.4±6.6,75.2±9.2,,,84.4±7.5,78.9±7.9,2004
   GA-Rest of State,87.4±8.3,94.3±5.4,90.6±7.4,92.4±5.7,93.3±6.1,92.3±5.6,70.0±9.9,,,86.2±8.4,81.9±8.8,2004
Hawaii,88.3±5.4,91.1±5.2,96.0±2.9,91.6±4.8,92.7±4.8,94.3±3.4,84.5±6.1,,,85.9±6.0,83.2±6.5,2004
Idaho,86.7±6.1,92.3±4.8,92.9±4.6,93.7±4.4,93.2±4.6,80.9±6.6,79.6±7.0,,,84.7±6.4,73.9±7.6,2004
Illinois,89.5±4.9,94.5±3.5,96.5±2.7,94.1±4.1,94.0±4.1,85.1±5.4,78.1±6.3,,,88.7±4.9,76.8±6.3,2004
   IL-City of Chicago,95.4±5.0,94.8±5.0,96.8±3.1,96.6±3.6,96.0±3.7,83.5±10.0,86.0±7.8,,,91.8±5.9,,2004
   IL-Rest of State,88.5±5.7,94.5±4.1,96.5±3.1,93.6±4.8,93.6±4.7,85.4±6.0,76.7±7.3,,,88.2±5.7,77.2±7.1,2004
India,85.8±5.9,92.5±4.2,93.4±4.1,95.0±3.8,92.5±4.6,78.5±7.2,82.1±7.3,,,84.5±6.0,70.4±8.0,2004
   IN-Marion County,84.5±8.7,86.8±8.6,90.5±8.1,98.3±2.0,89.3±7.7,82.3±9.4,89.8±5.9,,,82.1±9.1,,2004
   IN-Rest of State,86.0±6.7,93.5±4.6,93.9±4.6,94.4±4.4,93.0±5.2,77.8±8.3,80.8±8.5,,,84.9±6.9,70.1±9.3,2004
Iowa,91.8±5.3,94.2±4.8,95.2±4.2,91.8±6.2,94.0±5.7,82.7±7.7,68.0±9.5,,,90.6±5.8,72.5±9.2,2004
Kansas,85.8±7.3,89.5±7.0,90.1±6.6,92.6±6.1,92.5±5.5,73.3±8.8,62.5±9.6,,,81.9±8.0,61.1±9.5,2004
Kentucky,91.1±7.0,92.8±5.2,96.4±3.2,97.8±3.0,94.0±6.5,90.8±7.2,78.3±8.6,,,84.8±8.2,80.8±8.6,2004
Louisia,78.3±8.2,86.1±7.0,88.2±6.7,94.7±4.3,91.3±5.5,86.1±6.9,72.2±8.8,,,76.9±8.2,72.3±8.6,2004
   LA-Orleans Parish,86.8±8.9,90.5±7.8,95.9±3.8,94.4±4.3,91.3±7.7,90.1±5.6,,,,83.3±9.2,77.1±9.8,2004
   LA-Rest of State,77.7±8.8,85.8±7.6,87.6±7.2,94.7±4.6,91.3±5.9,85.8±7.5,71.6±9.5,,,76.3±8.9,71.9±9.3,2004
Maine,92.4±4.3,92.5±4.7,93.7±3.9,97.4±2.4,94.3±3.4,85.0±6.3,88.1±5.5,,,88.8±5.6,77.0±7.5,2004
Maryland,95.5±2.9,98.3±1.9,98.2±2.2,97.6±2.2,97.4±2.0,91.6±4.6,83.2±6.1,,,92.5±3.9,84.8±5.5,2004
   MD-City of Baltimore,95.2±4.2,98.6±2.1,99.0±2.0,99.1±1.8,95.1±4.3,97.5±2.7,84.0±8.1,,,93.6±4.7,88.2±6.3,2004
   MD-Rest of State,95.6±3.0,98.3±2.0,98.2±2.3,97.5±2.4,97.6±2.1,91.2±4.9,83.1±6.5,,,92.4±4.2,84.6±5.9,2004
Massachusetts,92.1±4.1,93.6±3.6,96.5±2.7,97.5±2.2,93.5±3.8,89.6±4.8,88.0±5.1,,,90.6±4.4,82.4±5.8,2004
   MA-City of Boston,92.7±6.5,95.1±4.9,96.0±3.5,95.7±4.4,92.6±5.5,89.0±7.5,88.6±7.5,,,89.5±7.1,74.3±9.9,2004
   MA-Rest of State,92.1±4.3,93.6±3.8,96.5±2.8,97.6±2.4,93.5±4.0,89.7±5.0,87.9±5.4,,,90.7±4.6,82.8±6.0,2004
Michigan,88.2±5.3,92.4±4.4,93.1±4.0,93.8±4.1,93.3±4.4,90.1±4.7,67.9±7.7,,,86.4±5.5,82.6±6.0,2004
   MI-City of Detroit,,92.8±7.0,93.6±6.3,95.4±5.4,98.1±3.7,96.3±5.1,,,,,,2004
   MI-Rest of State,88.5±5.4,92.4±4.5,93.1±4.1,93.8±4.3,93.1±4.5,89.8±4.9,68.6±8.0,,,86.7±5.7,82.8±6.3,2004
Minnesota,90.7±5.9,93.8±5.3,91.7±5.7,94.7±5.1,94.9±5.0,85.7±6.8,79.0±7.9,,,88.7±6.2,81.0±7.4,2004
Mississippi,92.2±6.1,98.5±1.8,96.5±4.3,95.2±4.7,98.7±2.0,93.1±6.3,,,,92.2±6.1,87.7±7.7,2004
Missouri,89.8±5.3,93.7±4.3,94.2±3.9,96.6±3.2,88.8±5.8,83.4±7.2,75.0±8.7,,,89.1±5.4,76.1±8.1,2004
Monta,85.5±6.4,87.9±6.0,91.2±5.3,95.5±3.1,93.0±4.1,76.5±7.6,72.2±8.4,,,84.4±6.5,71.6±8.1,2004
Nebraska,91.2±4.7,95.5±3.5,94.8±3.4,98.4±2.1,96.0±3.6,84.1±6.1,79.4±6.9,,,89.3±5.2,78.0±7.0,2004
Nevada,76.8±7.4,87.8±6.1,86.4±6.1,87.9±6.1,86.9±5.9,78.4±7.1,51.4±8.3,,,73.7±7.6,63.8±8.2,2004
New Hampshire,92.9±5.4,95.6±4.6,94.0±5.2,95.6±4.8,94.2±4.9,88.7±5.9,87.0±6.3,,,91.0±5.8,83.6±6.7,2004
New Jersey,88.5±5.7,91.4±4.6,96.1±2.5,97.6±1.9,96.0±3.2,87.4±5.9,82.3±6.2,,,87.4±5.8,76.8±7.5,2004
   NJ-City of Newark,,92.9±7.7,,,96.8±6.2,,,,,,,2004
   NJ-Rest of State,88.6±5.8,91.4±4.6,96.2±2.5,97.7±1.9,96.0±3.3,87.4±5.9,82.5±6.2,,,87.5±5.8,76.9±7.6,2004
New Mexico,91.3±5.3,94.8±3.4,93.6±4.7,97.1±2.7,94.2±4.1,88.9±7.1,75.5±9.2,,,91.3±5.3,84.8±7.8,2004
New York,92.6±3.8,93.2±3.8,94.7±3.2,92.8±4.8,94.1±3.4,91.7±3.9,84.9±4.7,,,90.8±4.1,82.7±5.9,2004
   NY-City of New York,89.4±8.2,89.8±8.2,91.0±7.8,90.1±8.4,93.2±7.0,93.3±6.9,,,,88.4±8.3,85.3±8.7,2004
   NY-Rest of State,93.8±4.2,94.5±4.1,96.1±3.2,93.8±5.8,94.5±3.8,91.1±4.7,87.6±5.3,,,91.7±4.6,81.7±7.4,2004
North Caroli,90.6±4.9,96.9±2.8,98.1±2.5,99.0±1.4,97.9±2.1,92.0±5.5,79.5±7.6,,,87.9±5.4,83.5±6.8,2004
North Dakota,88.8±5.1,91.3±4.6,93.7±4.1,93.1±4.1,93.8±3.9,80.0±6.6,72.1±7.5,,,88.3±5.2,73.0±7.2,2004
Ohio,92.2±3.5,94.5±3.0,95.9±2.7,95.4±3.2,94.9±2.8,85.2±5.1,76.7±6.1,,,90.9±3.7,77.7±5.9,2004
   OH-Cuyahoga County,85.6±7.6,87.5±7.2,96.4±3.2,96.3±3.4,95.9±3.4,87.0±8.1,78.1±8.2,,,84.0±7.7,75.4±9.2,2004
   OH-Franklin County,91.9±4.6,97.0±2.5,97.6±2.2,97.0±3.0,95.9±3.4,87.6±5.1,81.8±6.8,,,91.2±4.8,80.5±6.5,2004
   OH-Rest of State,93.3±4.4,95.1±3.8,95.5±3.6,95.0±4.2,94.6±3.6,84.5±6.5,75.7±7.9,,,91.9±4.6,77.5±7.6,2004
Oklahoma,84.4±7.6,91.6±6.2,91.9±6.2,88.0±7.5,92.6±5.8,88.3±6.8,69.5±9.3,,,83.7±7.6,78.8±8.4,2004
Oregon,93.6±4.3,92.0±5.1,94.4±4.1,95.4±3.8,93.9±4.3,82.9±7.7,80.0±7.6,,,89.6±5.6,77.7±8.3,2004
Pennsylvania,94.1±3.2,96.2±2.5,97.4±2.0,99.2±1.0,98.3±1.6,93.7±3.6,86.3±5.1,,,91.8±3.8,86.3±5.0,2004
   PA-Philadelphia County,86.8±9.0,95.4±4.0,95.0±4.4,98.2±2.6,96.0±4.2,85.7±8.9,85.5±8.3,,,85.2±9.1,79.5±9.8,2004
   PA-Rest of State,94.8±3.3,96.3±2.8,97.6±2.1,99.3±1.0,98.5±1.8,94.5±3.8,86.3±5.6,,,92.4±4.0,87.0±5.4,2004
Rhode Island,93.3±4.0,94.6±3.7,95.0±4.2,94.8±3.7,96.2±3.3,92.7±4.5,90.2±5.2,,,88.8±5.5,82.1±6.6,2004
South Caroli,88.3±7.5,93.1±6.4,94.3±5.9,93.1±6.2,95.0±5.7,93.0±6.3,79.4±8.7,,,87.6±7.6,84.0±8.2,2004
South Dakota,94.5±4.3,94.9±4.2,95.1±4.2,97.7±2.7,94.4±4.0,81.1±7.2,40.0±9.3,,,93.1±4.7,76.0±7.8,2004
Tennessee,89.6±4.5,92.7±3.8,92.7±3.8,94.2±3.1,93.4±4.0,90.4±4.3,84.7±5.6,,,85.8±5.0,78.4±6.2,2004
   TN-Davidson County,91.9±4.6,95.0±3.5,95.7±3.3,95.0±3.8,94.5±3.7,95.6±3.4,88.9±5.9,,,91.5±4.7,88.8±5.3,2004
   TN-Shelby County,87.8±7.2,94.4±5.3,93.9±4.2,90.6±6.8,91.3±6.5,94.8±3.7,86.6±7.3,,,84.8±7.5,79.6±8.1,2004
   TN-Rest of State,89.6±6.2,91.8±5.3,91.9±5.3,94.9±4.1,93.7±5.6,88.3±6.2,83.4±7.8,,,84.8±7.0,75.9±8.7,2004
Texas,82.8±5.8,87.6±5.0,90.9±4.5,88.8±4.9,88.6±4.7,87.7±4.9,69.6±6.6,,,80.4±6.0,75.5±6.4,2004
   TX-Bexar County,91.7±7.1,91.4±8.3,97.4±5.1,95.4±6.3,95.4±6.3,91.3±7.6,77.9±9.9,,,86.8±9.2,83.1±9.7,2004
   TX-City of Houston,,,87.7±8.7,91.5±7.4,,,,,,,,2004
   TX-Dallas County,,86.5±8.2,96.6±5.0,93.2±5.9,84.1±9.0,93.6±6.2,,,,,,2004
   TX-El Paso County,,,,,87.5±9.2,94.7±7.3,,,,,,2004
   TX-Rest of State,83.2±7.5,87.7±6.5,89.8±6.0,87.4±6.5,89.4±6.1,86.6±6.4,71.0±8.6,,,81.3±7.7,76.9±8.2,2004
Utah,79.6±7.2,87.4±5.9,89.7±5.1,91.4±5.1,84.5±6.4,85.0±6.0,72.8±7.6,,,75.7±7.4,68.4±7.9,2004
Vermont,89.3±6.0,91.7±5.5,92.4±5.4,93.0±5.4,87.1±6.4,70.2±8.8,74.6±8.2,,,86.2±6.5,61.6±9.1,2004
Virginia,90.6±4.8,92.8±4.2,96.6±2.5,94.8±3.9,92.1±5.1,87.1±6.2,86.4±5.6,,,88.7±5.2,74.6±8.0,2004
Washington,86.4±4.8,89.3±4.3,92.3±3.7,93.4±3.3,87.4±4.4,77.5±5.6,79.8±5.5,,,84.0±5.0,67.3±6.2,2004
   WA-King County,89.8±5.2,90.8±4.8,93.6±4.1,94.9±3.7,90.3±4.7,82.4±6.1,87.1±5.9,,,85.2±6.0,73.5±7.2,2004
   WA-Rest of State,84.2±7.0,88.5±6.3,91.4±5.4,92.4±4.9,85.6±6.5,74.4±8.2,75.1±8.1,,,83.3±7.2,63.4±9.0,2004
West Virginia,89.9±5.7,93.6±4.5,96.5±2.8,97.1±2.7,91.8±4.9,82.2±7.7,71.3±9.3,,,88.4±6.0,77.2±8.4,2004
Wisconsin,89.4±4.4,93.3±3.6,92.5±3.9,91.6±4.0,90.8±4.3,87.5±4.7,84.1±5.7,,,87.8±4.6,78.8±5.8,2004
   WI-Milwaukee County,91.4±5.3,93.4±4.9,96.8±3.5,95.8±3.9,95.7±3.9,88.3±6.6,88.0±6.5,,,86.8±6.6,78.6±8.1,2004
   WI-Rest of State,89.1±5.0,93.3±4.2,91.7±4.5,90.8±4.6,90.0±5.0,87.4±5.4,83.4±6.5,,,88.0±5.3,78.9±6.7,2004
Wyoming,90.6±5.1,93.3±4.4,91.5±5.1,94.3±4.4,94.1±4.3,67.8±9.3,83.0±7.3,,,88.6±5.6,64.5±9.4,2004
US tiol         ,88.8±1.0,92.8±0.9,92.7±0.9,95.1±0.7,94.0±0.7,88.4±1.1,85.9±1.1,,,85.8±1.2,78.5±1.3,2005
Alabama,89.4±5.4,94.1±3.4,95.6±3.8,97.8±2.0,94.3±3.8,96.0±3.7,85.2±7.5,,,88.3±5.6,84.9±6.3,2005
   AL-Jefferson County,93.7±3.9,93.5±4.3,95.8±3.2,97.5±2.5,93.0±4.4,97.8±2.2,93.6±4.2,,,91.6±4.8,89.6±5.2,2005
   AL-Rest of State,88.5±6.5,94.2±4.1,95.5±4.5,97.9±2.4,94.6±4.5,95.6±4.4,83.5±9.0,,,87.6±6.6,83.9±7.5,2005
Alaska,87.8±6.6,92.8±4.7,91.4±5.7,86.3±7.4,89.1±6.5,82.8±8.2,81.6±8.5,,,84.2±7.5,,2005
Arizo,86.1±5.4,88.2±5.0,87.2±5.5,91.0±4.8,89.9±4.7,84.2±5.7,80.8±6.4,,,83.2±5.8,78.5±6.2,2005
   AZ-Maricopa County,86.5±7.2,87.5±6.6,86.5±7.3,90.5±6.4,89.6±6.1,82.6±7.9,76.7±9.0,,,83.1±7.7,79.3±8.2,2005
   AZ-Rest of State,85.2±7.7,89.4±7.4,88.7±7.4,92.0±6.7,90.4±7.1,87.1±6.7,88.6±6.6,,,83.5±8.1,77.0±9.2,2005
Arkansas,,,94.7±4.8,91.7±6.3,90.4±6.7,89.0±7.5,,,,,,2005
California,87.0±4.3,89.2±4.3,91.0±3.9,93.3±3.2,92.5±3.5,87.7±4.5,88.6±4.6,,,83.3±5.0,77.0±5.6,2005
   CA-Alameda County,86.7±7.1,93.3±4.8,88.9±6.0,93.4±4.8,87.5±7.1,89.8±5.5,87.9±7.1,,,84.4±7.4,76.3±8.8,2005
   CA-Los Angeles County,84.8±8.4,87.0±8.0,91.1±6.0,89.8±7.6,92.8±5.7,87.6±7.8,82.4±8.4,,,79.4±9.2,74.5±9.9,2005
   CA-San Berrdino County,,89.3±7.7,90.5±7.6,89.0±7.9,83.9±8.9,83.9±9.3,,,,,,2005
   CA-Rest of State,88.5±5.7,89.6±5.8,91.2±5.5,94.9±3.9,93.5±4.9,87.8±6.2,91.7±6.3,,,85.0±6.8,78.6±7.7,2005
Colorado,87.0±4.8,93.9±3.8,91.4±4.0,96.9±1.9,95.5±2.3,86.2±5.6,83.1±5.3,,,84.5±5.2,76.9±6.4,2005
   CO-Denver,88.3±7.0,93.7±6.1,90.6±6.8,96.8±3.0,96.9±3.0,86.9±7.4,84.2±7.8,,,85.9±7.8,79.0±8.8,2005
   CO-Rest of State,85.9±6.7,94.1±4.7,92.1±4.5,97.0±2.5,94.3±3.5,85.7±8.2,82.1±7.3,,,83.3±7.0,75.1±9.1,2005
Connecticut,88.4±5.5,92.8±4.4,93.8±4.2,96.6±3.5,93.0±4.4,88.1±6.1,90.6±5.1,,,88.1±5.5,79.6±7.1,2005
Delaware,95.1±4.5,95.2±4.4,99.0±1.9,95.3±4.2,93.7±4.8,94.5±4.5,88.2±7.2,,,93.0±5.2,89.7±6.1,2005
District of Columbia,94.5±4.2,93.1±5.0,91.5±4.9,92.9±8.1,89.9±5.4,91.2±4.9,76.1±9.0,,,88.0±5.9,77.2±9.0,2005
Florida,84.9±7.1,89.3±6.4,91.1±5.4,96.4±3.4,94.6±3.5,90.8±5.7,76.0±8.2,,,82.9±7.4,80.3±7.7,2005
   FL-Duval County,86.6±7.3,95.2±3.4,89.7±6.4,95.7±4.0,95.2±3.8,86.5±8.0,85.0±7.0,,,82.5±8.3,79.1±8.4,2005
   FL-Rest of State,84.8±7.6,88.9±6.9,91.2±5.8,96.5±3.6,94.5±3.8,91.1±6.1,75.4±8.7,,,82.9±7.9,80.4±8.2,2005
Georgia,88.2±5.0,94.1±3.4,95.9±3.0,97.1±2.7,96.0±3.0,91.1±4.4,83.5±5.7,,,87.4±5.1,84.6±5.3,2005
   GA-Fulton/DeKalb Counties,84.8±9.4,91.1±5.2,96.8±2.8,97.5±2.5,95.5±3.2,93.4±4.4,88.9±5.8,,,82.6±9.5,79.0±9.6,2005
   GA-Rest of State,89.1±5.8,94.8±4.1,95.7±3.7,97.0±3.3,96.1±3.7,90.5±5.3,82.1±7.0,,,88.6±5.9,86.0±6.2,2005
Hawaii,88.4±8.6,91.8±8.1,90.3±8.1,95.4±5.5,90.4±8.5,91.6±7.5,85.7±8.8,,,88.4±8.6,82.7±9.6,2005
Idaho,81.1±7.1,88.3±6.0,86.9±6.3,92.1±4.9,91.0±5.1,78.2±7.4,79.5±7.3,,,77.7±7.5,68.3±8.3,2005
Illinois,94.4±3.4,95.8±2.4,96.8±1.9,97.3±1.8,97.0±1.8,88.8±6.2,92.0±4.6,,,92.1±3.9,82.3±6.9,2005
   IL-City of Chicago,79.4±9.4,84.5±8.0,84.8±8.1,85.6±8.5,86.7±7.6,83.1±8.2,82.3±7.3,,,75.2±9.7,,2005
   IL-Rest of State,97.2±3.5,97.9±2.4,99.0±1.5,99.4±1.2,98.9±1.5,89.9±7.2,93.7±5.3,,,95.2±4.1,85.2±8.0,2005
India,90.2±5.8,91.5±6.3,94.8±4.3,96.3±3.7,97.1±2.5,89.1±5.9,90.0±5.3,,,87.3±6.9,81.2±7.6,2005
Iowa,87.5±6.5,91.4±5.3,88.9±6.2,95.0±4.3,95.0±4.3,88.4±5.8,88.8±5.3,,,85.0±6.8,78.3±7.7,2005
Kansas,86.1±6.4,89.4±5.8,90.2±5.5,94.0±4.2,91.3±5.0,84.6±6.5,81.5±6.7,,,84.2±6.8,75.2±7.8,2005
Kentucky,92.6±5.4,95.9±4.5,98.4±2.3,93.1±7.8,90.8±7.0,90.5±8.0,86.4±7.9,,,91.6±5.7,,2005
Louisia,80.2±5.8,90.4±4.2,88.8±4.3,95.3±2.8,91.8±3.7,88.0±4.4,88.4±4.4,,,77.8±6.0,72.6±6.3,2005
Maine,91.2±5.8,96.3±4.0,89.1±6.3,96.0±4.2,86.8±7.3,81.5±7.6,85.9±6.9,,,86.9±6.7,72.5±8.8,2005
Maryland,95.6±2.8,98.8±1.3,94.8±4.0,98.6±1.6,94.0±4.4,92.3±5.6,88.6±4.9,,,90.8±4.8,82.1±7.1,2005
   MD-City of Baltimore,95.1±4.4,95.7±4.3,93.4±5.4,95.0±4.6,96.7±3.8,93.1±5.3,92.2±5.9,,,92.5±5.6,84.6±8.1,2005
   MD-Rest of State,95.6±3.0,99.0±1.4,94.8±4.2,98.8±1.7,93.8±4.7,92.3±5.9,88.4±5.2,,,90.7±5.0,81.9±7.5,2005
Massachusetts,97.0±2.7,98.2±2.2,97.6±2.2,99.6±0.8,97.2±2.8,93.5±3.8,96.5±3.1,,,95.5±3.2,88.0±5.2,2005
Michigan,89.3±5.8,93.2±5.3,93.9±3.4,95.3±3.1,95.5±3.1,92.0±4.3,86.2±5.4,,,87.2±6.2,81.7±6.9,2005
   MI-City of Detroit,,,,,,,,,,,,2005
   MI-Rest of State,89.3±6.0,93.2±5.5,94.1±3.5,95.2±3.2,95.5±3.1,92.0±4.4,85.9±5.6,,,87.3±6.4,81.8±7.1,2005
Minnesota,92.8±5.3,98.2±2.0,94.1±5.6,95.4±4.4,95.7±4.1,90.0±5.8,90.6±5.3,,,90.9±6.4,81.3±8.1,2005
Mississippi,86.1±9.2,92.0±8.4,93.0±7.1,92.4±7.4,94.7±6.8,88.7±8.8,,,,84.5±9.3,,2005
Missouri,83.7±6.2,92.4±3.9,88.9±4.8,93.1±5.2,92.7±4.0,86.6±5.3,77.3±7.2,,,79.3±6.6,69.4±7.7,2005
   MO-St. Louis County/City of,88.9±5.9,93.6±5.0,91.0±5.5,96.8±3.1,94.4±3.6,88.7±5.9,92.4±4.5,,,84.8±6.9,78.0±7.5,2005
   MO-Rest of State,82.2±7.9,92.0±4.8,88.3±6.0,92.1±6.6,92.2±5.1,86.0±6.6,72.9±9.1,,,77.7±8.3,66.8±9.6,2005
Monta,87.5±5.4,95.3±3.4,93.4±4.2,94.1±3.9,93.5±4.2,76.1±7.4,85.9±5.9,,,85.3±5.8,66.7±8.1,2005
Nebraska,93.7±4.2,96.9±2.9,96.8±2.7,97.3±2.5,95.7±3.4,88.9±5.2,83.7±7.0,,,93.7±4.2,85.2±6.0,2005
Nevada,77.0±6.9,86.4±5.7,87.6±5.4,90.6±4.9,83.2±6.0,83.2±6.2,68.8±7.7,,,74.5±7.1,63.4±7.9,2005
   NV-Clark County,73.9±8.9,84.0±7.4,86.4±6.9,88.4±6.4,79.1±8.0,80.5±8.0,69.0±9.7,,,71.9±9.1,,2005
   NV-Rest of State,85.7±8.7,93.3±6.2,91.2±7.2,96.9±4.5,95.0±5.2,90.9±6.9,,,,82.0±9.4,80.2±9.5,2005
New Hampshire,87.3±5.5,94.5±3.8,90.1±5.0,97.2±2.3,92.1±5.3,83.0±6.6,85.4±5.7,,,85.4±5.8,78.6±7.0,2005
New Jersey,93.2±4.4,91.2±5.1,92.3±4.8,96.4±3.7,96.2±3.7,91.6±5.5,89.0±5.7,,,88.6±5.4,82.1±6.6,2005
   NJ-City of Newark,,91.9±8.3,,95.5±8.7,,,,,,,,2005
   NJ-Rest of State,93.3±4.4,91.2±5.1,92.2±4.8,96.4±3.7,96.1±3.7,91.6±5.5,89.2±5.8,,,88.7±5.5,82.1±6.7,2005
New Mexico,86.3±7.3,94.1±4.3,91.8±6.2,91.4±6.3,91.2±6.7,82.5±9.1,80.6±9.4,,,85.8±7.3,75.5±10.0,2005
New York,92.4±3.5,94.5±3.1,94.2±3.1,95.8±2.9,94.7±3.3,88.3±4.4,85.6±5.0,,,86.8±4.6,76.4±5.9,2005
   NY-City of New York,92.7±6.0,95.1±5.8,93.4±6.0,93.8±6.7,92.5±7.5,85.8±8.2,83.2±9.3,,,85.6±8.6,,2005
   NY-Rest of State,92.3±4.4,94.2±3.6,94.7±3.5,96.9±2.5,95.9±2.9,89.8±5.0,87.0±5.8,,,87.5±5.4,80.2±6.5,2005
North Caroli,94.7±4.0,97.9±2.2,95.6±4.4,98.9±1.8,95.6±3.9,91.4±4.7,91.1±5.6,,,91.4±5.5,83.1±7.1,2005
North Dakota,87.6±5.7,96.0±3.7,94.6±3.6,94.8±4.2,94.5±4.4,91.0±4.7,86.3±6.0,,,86.9±5.7,81.6±6.6,2005
Ohio,89.2±5.3,93.8±3.9,92.9±3.9,92.9±4.7,94.7±3.6,86.2±5.4,76.5±7.2,,,87.7±5.4,78.8±6.5,2005
   OH-Cuyahoga County,97.6±2.1,97.4±2.4,92.4±4.4,95.1±4.3,97.3±2.3,89.4±6.5,86.4±7.6,,,93.5±3.8,81.9±7.7,2005
   OH-Franklin County,94.0±4.8,96.7±3.3,97.7±2.7,95.6±4.0,96.2±3.9,89.7±6.7,91.9±5.2,,,92.4±5.2,83.8±7.9,2005
   OH-Rest of State,87.2±6.7,92.8±5.0,92.3±5.0,92.2±6.0,94.1±4.6,85.3±6.8,72.7±9.1,,,86.2±7.0,77.6±8.2,2005
Oklahoma,76.8±9.1,88.0±7.1,87.6±6.7,91.0±6.1,84.8±8.0,82.8±7.9,,,,75.5±9.2,69.7±9.8,2005
Oregon,76.1±9.1,84.4±7.9,80.1±7.8,85.2±8.0,80.6±8.2,71.2±9.2,77.9±8.6,,,71.9±9.3,60.0±10.0,2005
Pennsylvania,90.5±6.9,91.8±6.9,93.5±6.6,92.9±6.7,95.0±6.5,89.5±7.3,87.6±7.8,,,86.9±7.3,79.3±8.0,2005
   PA-Philadelphia County,93.5±6.0,99.0±2.0,,87.6±9.6,96.1±4.4,94.8±5.9,95.7±6.6,,,93.5±6.0,,2005
   PA-Rest of State,90.2±7.5,91.1±7.5,92.9±7.2,93.4±7.2,94.9±7.0,89.0±8.0,86.8±8.5,,,86.3±8.0,79.4±8.7,2005
Rhode Island,89.7±5.1,93.3±4.2,94.1±3.7,95.6±3.6,95.5±3.8,96.3±2.8,95.1±3.7,,,86.9±5.6,83.1±6.2,2005
South Caroli,86.7±8.0,95.1±5.0,92.2±5.9,95.8±4.5,97.9±3.1,91.3±6.1,89.2±6.1,,,85.5±8.0,83.2±8.2,2005
South Dakota,91.4±5.4,97.2±2.5,95.7±3.6,97.4±2.5,94.6±4.3,84.4±7.6,62.4±9.4,,,90.8±5.8,80.2±8.1,2005
Tennessee,88.6±4.8,94.3±3.9,94.0±3.2,93.8±4.0,94.7±3.6,90.3±5.2,89.6±4.9,,,87.0±5.1,82.6±6.0,2005
   TN-Davidson County,87.3±9.4,95.3±6.5,95.6±5.9,97.0±5.7,97.0±5.7,95.0±6.0,92.0±8.8,,,86.5±9.4,85.1±9.4,2005
   TN-Shelby County,85.6±8.5,96.0±4.4,91.8±7.2,90.9±7.5,90.3±7.6,90.4±7.3,91.8±7.5,,,84.8±8.5,82.3±8.7,2005
   TN-Rest of State,89.5±6.1,93.9±5.2,94.2±4.0,93.9±5.2,95.2±4.6,89.6±6.8,88.8±6.3,,,87.5±6.5,82.3±7.8,2005
Texas,87.0±5.6,94.2±3.3,91.9±5.1,94.6±4.1,95.7±2.4,90.5±5.2,89.2±4.9,,,82.0±6.8,78.4±6.9,2005
   TX-Bexar County,87.9±8.5,92.4±5.9,92.6±5.7,94.2±5.4,91.5±6.2,91.7±6.1,88.3±7.5,,,86.7±8.8,82.8±9.3,2005
   TX-City of Houston,93.0±5.8,97.5±3.0,96.0±4.3,98.8±1.7,96.5±3.6,95.1±4.7,97.9±3.2,,,90.6±6.5,87.4±7.4,2005
   TX-Dallas County,,90.7±7.6,93.2±6.5,93.2±6.7,92.6±6.7,93.2±6.3,86.6±9.1,,,,,2005
   TX-El Paso County,83.4±9.2,96.1±4.4,91.8±6.6,97.5±3.4,86.8±9.1,87.7±9.1,85.7±9.3,,,,,2005
   TX-Rest of State,86.5±7.7,94.3±4.5,91.0±7.2,94.1±5.7,96.8±3.1,89.4±7.3,88.5±6.8,,,80.3±9.5,77.1±9.6,2005
Utah,80.6±9.7,84.3±9.9,90.2±7.0,91.0±7.2,88.9±7.4,84.4±8.0,80.0±9.6,,,,,2005
Vermont,88.6±6.3,94.3±4.6,91.7±5.7,96.1±3.9,91.3±5.7,69.2±9.4,85.0±7.1,,,85.1±7.3,63.5±9.9,2005
Virginia,87.7±5.8,97.0±2.3,94.9±3.0,98.2±1.8,97.7±1.9,91.4±4.3,88.2±6.0,,,87.4±5.8,82.5±6.5,2005
Washington,85.5±5.7,88.3±5.1,91.3±4.2,95.5±3.1,86.4±4.9,73.7±7.1,83.6±6.0,,,81.2±6.3,63.9±7.8,2005
   WA-King County,90.6±6.3,89.2±6.6,93.0±5.0,95.3±4.5,81.9±7.6,76.8±8.4,88.9±5.9,,,86.5±6.9,68.3±9.0,2005
   WA-Rest of State,83.1±7.9,87.9±6.9,90.5±5.7,95.6±4.1,88.5±6.1,72.3±9.7,81.1±8.3,,,78.7±8.7,,2005
West Virginia,89.5±6.4,96.5±3.4,89.3±6.6,96.7±4.0,97.4±3.0,84.0±8.2,76.0±9.5,,,88.0±6.6,76.0±9.3,2005
Wisconsin,90.7±4.5,96.6±2.5,94.1±3.4,94.1±3.6,94.9±3.3,89.4±5.0,88.7±4.9,,,89.0±4.7,80.6±6.0,2005
   WI-Milwaukee County,94.2±4.0,96.5±2.8,95.9±3.1,95.9±3.3,96.5±3.2,96.1±3.2,93.9±4.2,,,91.7±4.5,86.0±5.9,2005
   WI-Rest of State,90.1±5.3,96.6±2.9,93.8±4.0,93.8±4.2,94.6±3.9,88.2±5.8,87.7±5.8,,,88.5±5.5,79.7±7.0,2005
Wyoming,86.8±6.6,93.4±4.4,92.5±4.8,96.0±3.6,90.9±5.6,81.9±7.6,83.5±7.4,,,83.6±7.0,70.6±8.9,2005
US tiol         ,88.6±1.1,93.2±0.9,93.7±0.8,94.7±0.7,93.9±0.7,89.7±1.0,88.2±1.0,,,86.2±1.3,79.6±1.4,2006
Alabama,94.7±5.2,93.9±5.9,96.9±4.8,98.8±1.6,99.1±1.3,93.3±5.9,92.2±5.9,,,92.9±6.0,89.3±6.8,2006
Alaska,79.1±9.3,93.1±5.4,85.6±8.1,88.6±6.6,93.7±5.3,79.5±8.6,89.9±7.2,,,76.9±9.5,67.7±10.0,2006
Arizo,85.2±4.9,90.3±4.2,88.7±4.7,91.8±4.0,89.6±4.3,86.7±4.7,85.1±5.0,,,81.8±5.4,75.2±5.9,2006
   AZ-Maricopa County,85.3±6.0,90.7±5.0,89.9±5.3,93.9±4.0,89.1±5.3,88.0±5.3,84.3±6.3,,,82.3±6.5,73.4±7.3,2006
   AZ-Rest of State,84.9±8.4,89.5±7.5,85.8±9.3,86.8±9.3,90.8±7.2,83.6±9.7,86.9±7.9,,,80.7±9.9,,2006
Arkansas,,,,,,,,,,,,2006
California,87.3±5.9,93.6±3.8,93.9±4.1,94.3±2.6,95.0±2.2,92.8±4.2,93.0±2.5,,,83.5±6.9,79.4±6.9,2006
   CA-Fresno County,83.9±8.7,91.2±7.0,93.4±6.6,91.5±7.0,91.0±7.0,90.2±7.5,90.1±7.3,,,81.4±9.1,77.0±9.5,2006
   CA-Los Angeles County,88.0±7.4,95.1±4.7,92.3±6.3,93.0±6.0,93.7±5.9,92.4±6.3,91.1±5.6,,,86.5±7.6,84.0±8.0,2006
   CA-Northern CA,76.2±9.6,88.8±7.2,85.7±8.2,84.6±7.9,85.3±7.8,82.5±8.3,,,,75.9±9.6,,2006
   CA-San Diego County,93.9±3.8,97.4±2.5,96.7±2.9,95.8±3.3,95.5±3.1,91.0±6.1,92.8±5.4,,,93.9±3.8,86.8±6.7,2006
   CA-Santa Clara County,89.4±4.9,92.9±4.1,94.3±3.6,93.5±4.0,89.8±4.9,91.6±4.5,87.0±5.5,,,86.1±5.5,78.7±6.6,2006
   CA-Rest of State,86.1±9.7,92.8±6.3,94.3±6.7,94.9±3.8,96.5±2.8,93.8±6.7,95.3±3.4,,,,,2006
Colorado,86.4±7.2,89.6±6.9,85.4±8.3,92.3±4.8,92.2±4.8,86.3±7.0,77.2±9.1,,,83.0±7.7,76.9±8.5,2006
Connecticut,92.4±4.4,95.7±3.4,95.2±2.8,95.7±3.8,96.8±3.1,89.5±4.5,91.9±4.4,,,88.6±4.9,79.1±6.2,2006
Delaware,93.3±5.1,95.5±3.5,97.8±2.3,95.9±4.9,97.7±2.3,90.4±7.4,85.9±7.7,,,92.3±5.3,80.8±9.3,2006
District of Columbia,97.1±2.3,97.5±2.2,96.3±2.6,98.9±1.5,97.0±2.4,94.3±3.4,86.9±5.9,,,96.1±2.7,91.0±4.1,2006
Florida,86.0±5.7,92.7±4.0,93.6±3.8,94.7±4.1,91.4±4.7,91.7±4.3,79.5±8.0,,,85.2±5.8,80.1±6.3,2006
   FL-Duval County,88.3±5.1,94.2±3.7,92.2±4.5,95.5±3.6,89.6±4.9,89.8±5.0,86.0±5.5,,,86.8±5.3,79.2±6.3,2006
   FL-Miami-Dade County,89.4±5.9,93.9±4.5,92.1±4.9,94.1±4.3,94.1±4.5,93.2±5.1,76.7±8.1,,,87.0±6.3,83.1±6.9,2006
   FL-Rest of State,85.2±7.2,92.4±5.0,93.9±4.7,94.7±5.1,91.1±5.8,91.5±5.3,79.5±10.0,,,84.8±7.2,79.6±7.8,2006
Georgia,91.1±5.2,97.9±2.2,92.5±5.1,93.8±5.0,94.9±3.4,96.2±2.6,84.1±6.2,,,88.3±5.7,84.0±6.1,2006
   GA-Fulton/DeKalb Counties,94.0±3.7,98.1±1.8,97.2±2.8,97.9±2.3,97.2±2.9,93.5±4.6,92.8±4.2,,,93.2±3.8,86.8±5.7,2006
   GA-Rest of State,90.5±6.3,97.8±2.7,91.4±6.1,92.9±6.0,94.4±4.1,96.7±3.0,82.2±7.4,,,87.3±6.8,83.4±7.3,2006
Hawaii,85.7±8.5,92.8±4.3,89.6±7.5,94.5±3.8,91.6±5.4,88.7±7.6,92.1±4.7,,,84.6±8.6,80.5±9.1,2006
Idaho,79.3±8.6,88.3±6.8,86.7±7.5,88.9±6.7,88.2±6.8,71.7±9.5,90.5±5.3,,,74.3±9.5,,2006
Illinois,85.1±6.8,88.2±6.2,94.1±4.1,95.5±3.8,92.1±5.2,81.9±7.5,86.1±6.2,,,84.1±6.9,72.7±7.9,2006
   IL-City of Chicago,86.2±6.7,93.1±5.3,94.9±3.8,96.9±3.1,95.9±3.3,87.4±6.8,95.8±3.4,,,84.3±7.0,76.3±8.1,2006
   IL-Rest of State,84.9±8.0,87.3±7.3,93.9±4.8,95.2±4.4,91.4±6.1,80.9±8.8,84.3±7.3,,,84.0±8.0,72.0±9.2,2006
India,89.9±4.4,93.3±3.6,93.5±3.6,91.1±4.3,93.2±4.0,88.5±5.4,88.0±5.8,,,88.4±4.6,81.3±6.3,2006
   IN-Marion County,89.9±5.5,93.0±4.9,91.9±5.5,92.5±5.0,93.9±4.7,87.8±6.9,93.6±4.7,,,87.0±6.2,79.8±7.7,2006
   IN-Rest of State,89.9±5.0,93.3±4.1,93.8±4.1,90.9±5.0,93.1±4.6,88.6±6.1,87.0±6.7,,,88.6±5.3,81.6±7.3,2006
Iowa,89.2±6.3,94.1±5.4,91.2±6.2,93.4±5.5,94.0±5.4,86.3±6.9,89.6±6.1,,,88.1±6.5,80.8±7.4,2006
Kansas,90.0±4.0,92.5±3.6,95.4±2.3,90.5±4.7,92.2±3.6,81.3±5.8,84.8±5.3,,,88.0±4.2,69.7±6.6,2006
   KS-Eastern KS,90.1±4.7,91.9±4.2,93.3±3.7,92.4±4.5,91.5±4.4,84.7±5.9,92.7±4.5,,,86.1±5.5,74.3±7.3,2006
   KS-Rest of State,90.0±5.6,92.8±5.0,96.4±3.0,89.6±6.8,92.6±4.9,79.5±8.1,80.7±7.6,,,88.9±5.8,67.3±9.2,2006
Kentucky,91.8±4.9,95.0±3.8,92.0±4.8,94.0±4.3,95.3±3.7,83.1±8.3,87.4±6.0,,,90.0±5.3,79.5±8.5,2006
Louisia,79.4±8.5,92.2±4.9,92.2±5.4,89.4±6.9,95.4±3.9,93.5±5.1,88.9±7.1,,,78.1±8.6,73.1±9.2,2006
Maine,90.3±5.9,90.3±5.5,93.3±4.4,95.3±3.8,92.5±4.6,93.3±4.4,89.4±6.3,,,86.0±6.9,81.7±7.5,2006
Maryland,88.5±6.0,91.1±4.7,95.3±5.3,98.7±1.1,96.1±3.1,93.4±5.6,91.3±4.1,,,82.8±6.8,80.5±6.9,2006
   MD-City of Baltimore,89.5±6.9,90.0±6.7,94.5±5.5,93.7±5.0,91.1±6.3,95.6±4.0,90.3±6.4,,,86.8±7.4,82.7±8.5,2006
   MD-Rest of State,88.4±6.3,91.2±4.9,95.4±5.6,99.0±1.2,96.4±3.2,93.3±5.9,91.4±4.3,,,82.6±7.1,80.3±7.3,2006
Massachusetts,94.4±3.0,96.5±2.3,97.3±2.1,97.6±1.9,95.1±2.8,94.4±3.3,94.8±3.5,,,92.2±3.5,86.4±4.7,2006
   MA-City of Boston,90.3±5.5,93.4±4.7,94.1±4.6,96.2±3.1,93.4±4.7,89.9±5.5,90.9±5.6,,,89.1±5.7,84.3±6.4,2006
   MA-Rest of State,94.7±3.2,96.8±2.4,97.5±2.2,97.7±2.0,95.3±2.9,94.7±3.5,95.1±3.7,,,92.4±3.7,86.6±5.1,2006
Michigan,88.7±4.8,94.6±3.2,94.7±3.7,96.6±2.2,97.0±2.1,90.9±4.7,86.5±5.4,,,85.2±5.4,81.2±6.0,2006
   MI-City of Detroit,,88.2±9.0,,92.0±7.2,93.7±6.3,,,,,,,2006
   MI-Rest of State,89.4±5.0,94.9±3.3,95.5±3.8,96.8±2.3,97.2±2.2,91.1±4.9,86.9±5.6,,,86.3±5.6,82.3±6.2,2006
Minnesota,90.1±6.2,98.4±1.9,94.0±4.9,94.7±4.5,98.4±1.9,84.9±7.2,95.2±3.2,,,88.8±6.6,82.0±7.5,2006
Mississippi,90.7±5.9,96.7±3.2,92.6±5.5,93.8±4.7,94.8±4.4,93.1±5.4,,,,88.8±6.8,84.5±7.6,2006
Missouri,90.9±5.3,97.3±2.8,96.4±3.7,96.0±3.9,96.2±3.8,91.1±5.1,88.8±5.4,,,89.5±5.6,84.2±6.4,2006
Monta,82.0±6.8,90.2±5.6,87.6±6.3,90.3±5.6,90.3±5.2,78.2±7.9,86.7±6.1,,,79.3±7.2,69.7±8.4,2006
Nebraska,89.7±5.7,93.9±4.9,94.9±4.3,93.9±4.7,94.1±4.8,88.3±6.0,86.1±6.6,,,89.3±5.7,81.5±6.9,2006
Nevada,84.7±7.1,89.7±5.8,90.9±6.1,91.8±5.4,81.3±8.3,84.8±7.5,75.3±8.8,,,81.9±7.4,69.2±9.3,2006
New Hampshire,88.4±4.8,94.0±3.7,92.9±3.9,94.0±3.3,92.2±3.9,85.7±5.6,91.0±4.6,,,86.1±5.1,77.0±6.6,2006
New Jersey,89.2±5.7,91.8±5.1,90.8±5.1,93.7±5.0,95.3±3.1,90.2±5.2,84.7±6.4,,,86.0±6.1,80.8±6.8,2006
   NJ-City of Newark,,,94.4±6.1,94.5±9.2,99.3±1.3,93.6±7.7,,,,,,2006
   NJ-Rest of State,89.3±5.8,91.8±5.1,90.7±5.1,93.6±5.0,95.2±3.1,90.2±5.3,84.8±6.5,,,86.1±6.2,80.9±6.9,2006
New Mexico,78.5±7.6,85.6±6.8,88.0±6.1,87.9±6.5,88.1±6.4,81.6±7.4,80.3±7.7,,,76.6±7.7,68.9±8.5,2006
   NM-Southern NM,,,,90.4±8.5,,,,,,,,2006
   NM-Rest of State,79.4±8.9,86.2±8.0,89.1±7.1,87.3±7.7,88.8±7.5,82.2±8.7,80.6±9.1,,,78.0±9.1,,2006
New York,93.1±3.3,93.2±3.5,97.0±2.2,96.5±2.5,94.7±3.1,88.3±4.8,90.0±4.2,,,90.3±3.9,81.2±5.6,2006
   NY-City of New York,90.0±6.4,91.6±6.2,96.5±3.2,96.1±4.0,92.3±6.0,87.4±7.2,85.7±7.4,,,88.7±6.7,78.1±9.2,2006
   NY-Rest of State,95.0±3.6,94.2±4.2,97.3±2.9,96.7±3.2,96.2±3.3,88.9±6.4,92.7±5.1,,,91.3±4.7,83.1±7.0,2006
North Caroli,91.3±5.6,92.4±7.5,97.1±3.0,99.4±1.2,96.2±3.8,97.1±3.0,90.1±7.3,,,86.2±8.4,85.2±8.5,2006
North Dakota,90.7±4.6,94.3±4.1,93.8±4.0,96.3±3.6,96.3±3.6,90.2±4.5,91.0±4.7,,,89.2±4.8,83.2±5.6,2006
Ohio,87.9±5.2,92.1±4.2,92.8±4.1,95.7±3.0,94.2±3.4,87.9±5.2,88.4±5.3,,,86.6±5.4,77.7±6.5,2006
   OH-Cuyahoga County,93.3±3.7,96.6±2.6,94.8±3.3,99.1±1.3,96.4±2.9,90.8±4.4,93.3±4.0,,,91.2±4.1,85.4±5.2,2006
   OH-Rest of State,87.2±5.9,91.5±4.7,92.6±4.5,95.3±3.4,93.9±3.8,87.5±5.8,87.8±5.9,,,86.1±6.0,76.8±7.2,2006
Oklahoma,88.7±6.0,98.6±1.6,94.1±4.7,95.7±3.3,94.5±4.6,92.5±5.4,82.9±8.1,,,86.1±6.6,81.8±7.8,2006
Oregon,81.4±7.6,86.1±6.9,88.5±6.1,90.9±5.3,86.9±6.5,81.8±7.6,85.2±6.7,,,79.9±8.0,74.5±8.6,2006
Pennsylvania,88.7±5.1,93.5±4.0,93.3±3.9,94.3±2.8,95.5±2.6,86.1±5.4,90.5±4.4,,,86.9±5.3,79.0±6.1,2006
   PA-Allegheny County,87.9±7.1,93.1±6.0,90.8±7.2,94.3±5.6,93.4±5.8,91.5±6.4,94.5±4.9,,,84.5±8.0,77.9±9.1,2006
   PA-Philadelphia County,95.2±6.6,98.4±3.2,96.4±4.8,95.8±5.7,97.7±3.2,97.8±4.3,95.5±5.1,,,91.7±7.9,87.4±9.1,2006
   PA-Rest of State,88.1±6.3,93.1±4.9,93.3±4.8,94.2±3.4,95.6±3.1,84.0±6.7,89.3±5.4,,,86.8±6.5,78.2±7.5,2006
Rhode Island,88.0±5.4,94.8±3.5,94.6±4.0,96.8±2.7,96.7±2.9,95.7±3.3,96.2±3.0,,,84.4±6.0,80.8±6.4,2006
South Caroli,93.6±4.7,95.6±2.9,96.6±2.4,97.6±2.2,95.7±4.3,91.7±7.0,91.4±6.7,,,91.5±5.0,83.9±8.0,2006
South Dakota,85.2±6.6,96.6±3.3,91.3±5.4,96.4±3.4,96.1±3.4,85.5±5.8,61.1±8.2,,,83.7±6.7,76.4±7.2,2006
Tennessee,90.2±4.4,95.1±2.9,95.5±2.7,96.0±2.6,94.5±3.2,92.7±3.6,94.9±3.4,,,89.4±4.5,84.5±5.4,2006
   TN-Shelby County,85.5±6.7,91.5±5.1,88.5±5.9,90.6±5.7,89.4±6.1,90.5±5.2,93.2±4.8,,,83.6±7.0,82.4±7.1,2006
   TN-Rest of State,91.2±5.1,95.9±3.4,97.0±3.1,97.2±2.9,95.6±3.7,93.2±4.2,95.2±3.9,,,90.6±5.2,85.0±6.3,2006
Texas,87.4±4.5,92.5±3.9,94.7±2.8,94.6±3.5,92.6±3.3,92.4±3.4,88.4±4.6,,,84.9±4.8,78.8±5.4,2006
   TX-Bexar County,91.5±5.9,96.0±3.8,95.0±4.1,97.5±3.1,95.7±4.0,92.6±5.7,95.5±3.8,,,90.0±6.2,85.6±7.6,2006
   TX-City of Houston,80.4±9.3,90.5±6.8,94.6±5.6,95.0±4.5,89.8±7.1,91.0±7.1,89.0±6.8,,,79.6±9.4,,2006
   TX-Dallas County,88.4±8.3,92.8±6.7,97.0±3.4,93.7±6.5,91.8±7.4,91.4±8.8,88.7±8.2,,,87.5±8.4,,2006
   TX-El Paso County,,,92.5±9.2,,,,,,,,,2006
   TX-Rest of State,87.9±6.1,92.4±5.2,94.3±3.7,94.8±4.8,93.0±4.4,92.9±4.4,87.7±6.1,,,84.8±6.4,78.9±7.2,2006
Utah,88.8±5.7,92.2±4.3,95.5±3.1,95.3±3.2,92.2±4.3,92.7±4.6,81.5±7.6,,,85.8±6.2,81.9±7.0,2006
Vermont,89.5±5.4,95.7±3.4,93.2±4.0,94.9±3.5,93.7±4.0,83.5±6.0,87.7±6.3,,,87.0±5.9,76.8±7.2,2006
Virginia,88.4±5.4,95.8±2.8,96.0±3.3,94.3±4.5,96.0±3.1,91.2±4.3,89.5±5.4,,,86.8±5.6,79.6±6.5,2006
Washington,87.3±5.0,90.0±4.5,90.2±4.1,92.6±4.1,85.8±5.0,82.4±5.6,87.5±5.0,,,85.4±5.2,73.9±6.4,2006
   WA-Eastern WA,87.8±7.3,94.2±4.4,93.3±4.8,96.0±3.8,87.9±7.5,82.1±8.0,87.5±7.2,,,86.5±7.5,,2006
   WA-King County,,85.0±8.8,89.1±6.0,91.9±7.2,84.4±8.4,,89.9±7.3,,,,,2006
   WA-Rest of State,91.3±5.8,92.4±5.6,90.5±6.1,92.6±5.6,86.3±7.0,85.9±6.9,86.1±7.4,,,89.5±6.3,79.2±8.2,2006
West Virginia,81.6±9.2,92.8±7.6,90.0±8.3,95.1±7.2,91.8±7.8,85.2±8.9,78.0±9.8,,,81.6±9.2,73.2±9.9,2006
Wisconsin,93.8±3.6,98.9±1.3,93.6±3.6,94.3±3.9,96.2±3.0,87.2±5.1,95.0±3.4,,,92.7±3.8,82.1±5.9,2006
   WI-Milwaukee County,93.7±4.2,96.4±3.1,92.7±4.6,96.0±3.2,96.2±3.0,89.8±5.6,94.4±3.8,,,90.5±5.2,85.6±6.4,2006
   WI-Rest of State,93.8±4.1,99.2±1.5,93.7±4.1,94.1±4.5,96.2±3.4,86.8±5.8,95.1±3.9,,,93.0±4.4,81.6±6.7,2006
Wyoming,81.8±6.6,88.3±6.0,91.6±5.1,87.6±6.1,89.3±5.9,79.7±7.0,79.0±7.2,,,80.4±6.8,70.0±7.8,2006
US tiol,87.7±1.1,93.2±0.9,92.6±0.9,93.4±0.9,93.3±0.9,90.4±0.9,90.4±1.0,,,85.7±1.2,79.7±1.4,2007
Alabama,91.7±6.0,98.1±2.9,96.8±3.3,97.5±2.9,95.6±3.8,93.7±4.2,95.7±3.5,,,90.6±6.1,83.3±7.1,2007
Alaska,,91.4±7.3,92.5±5.5,88.1±8.1,91.4±7.3,,86.0±8.9,,,,,2007
Arizo,86.8±5.8,89.0±5.9,86.7±6.3,89.0±5.7,89.8±5.1,86.1±6.2,87.1±6.3,,,84.3±6.4,76.3±7.5,2007
Arkansas,83.3±7.4,95.1±3.9,90.7±5.6,94.6±4.6,92.9±4.9,86.9±6.6,89.3±5.5,,,82.8±7.4,79.9±7.7,2007
California,85.6±6.1,90.7±5.2,94.0±3.1,90.9±5.0,91.7±4.7,92.3±3.9,94.1±3.9,,,83.0±6.4,74.8±7.4,2007
   CA-Alameda County,81.7±6.8,87.0±6.0,89.2±5.3,87.6±5.5,88.4±5.5,86.0±5.6,89.9±4.9,,,79.2±6.9,72.2±7.3,2007
   CA-Los Angeles County,83.2±9.4,91.5±6.6,93.5±6.1,94.4±5.8,92.2±6.5,94.8±5.9,95.7±3.9,,,80.3±9.7,78.0±10.0,2007
   CA-San Berrdino County,,91.4±7.8,92.6±7.4,88.2±8.7,91.9±7.6,90.9±7.8,89.1±8.7,,,,,2007
   CA-Rest of State,87.0±8.3,90.7±7.3,94.6±4.1,90.2±7.1,91.9±6.5,92.1±5.3,94.2±5.5,,,84.3±8.8,,2007
Colorado,84.1±7.2,93.9±4.3,87.5±6.5,91.2±5.2,90.1±7.7,87.8±6.2,91.2±4.5,,,82.8±7.5,77.4±9.3,2007
Connecticut,89.9±5.4,96.8±3.1,93.7±3.8,96.7±3.1,96.3±3.3,93.9±3.8,92.9±4.6,,,87.7±5.7,85.1±6.0,2007
Delaware,85.7±6.8,91.6±6.0,94.8±4.3,92.8±5.9,96.6±3.1,92.9±4.7,87.7±6.2,,,82.9±7.0,79.1±7.4,2007
District of Columbia,89.1±5.8,95.6±3.3,95.3±3.4,95.0±4.9,95.8±3.7,93.8±4.0,85.5±7.3,,,87.9±5.9,82.5±6.9,2007
Florida,87.9±6.5,93.3±5.5,92.6±5.4,93.4±5.2,94.1±5.0,91.2±5.8,86.9±6.4,,,84.9±7.0,81.0±7.4,2007
   FL-Miami-Dade County,89.2±5.4,95.7±3.2,96.4±3.1,97.4±2.5,92.5±6.3,92.7±4.7,89.4±5.8,,,88.5±5.5,78.7±8.2,2007
   FL-Rest of State,87.7±7.5,93.0±6.3,92.0±6.2,92.8±6.0,94.3±5.7,90.9±6.7,86.5±7.3,,,84.3±8.1,81.4±8.5,2007
Georgia,90.2±5.0,95.6±3.4,93.2±3.8,93.8±4.2,94.7±3.2,92.4±4.1,95.4±3.4,,,89.1±5.2,85.1±5.8,2007
Hawaii,90.4±5.3,96.5±3.6,91.2±6.7,93.6±4.9,95.1±3.9,94.3±4.0,93.0±5.1,,,88.6±5.8,85.5±6.5,2007
Idaho,76.9±8.3,85.2±7.1,84.6±7.2,81.8±7.7,85.2±7.1,77.3±8.2,83.1±7.4,,,75.7±8.5,68.0±9.2,2007
Illinois,89.6±4.0,92.4±4.0,93.6±3.5,94.5±3.2,93.1±3.7,87.7±4.8,88.3±4.7,,,85.1±4.9,77.3±5.8,2007
   IL-City of Chicago,88.3±5.9,93.0±4.3,93.1±4.2,93.2±5.0,89.7±6.3,92.1±4.6,88.5±6.1,,,84.9±6.4,76.5±8.1,2007
   IL-Rest of State,89.9±4.6,92.3±4.7,93.7±4.1,94.8±3.7,93.7±4.3,86.8±5.7,88.3±5.5,,,85.1±5.7,77.5±6.7,2007
India,84.6±5.1,90.6±4.2,91.8±3.5,93.7±3.4,93.6±3.4,89.3±4.1,87.3±5.6,,,82.0±5.2,76.0±5.7,2007
   IN-Marion County,87.3±5.7,91.7±4.5,89.8±5.4,95.7±3.3,92.4±5.6,87.2±6.6,94.7±3.7,,,81.6±6.7,75.0±7.8,2007
   IN-Rest of State,84.1±5.8,90.4±4.8,92.1±4.0,93.4±3.9,93.8±3.8,89.6±4.6,86.2±6.4,,,82.1±5.9,76.1±6.5,2007
Iowa,84.3±7.3,93.6±5.2,92.4±5.7,90.0±5.8,91.6±6.1,88.2±6.0,90.4±5.0,,,83.8±7.3,77.1±7.7,2007
Kansas,89.5±5.8,98.0±2.3,93.8±4.3,95.5±4.5,96.5±3.1,85.2±6.2,84.8±7.0,,,87.8±6.2,76.3±7.9,2007
Kentucky,89.2±4.8,94.2±3.9,90.8±4.6,91.8±4.7,92.7±4.2,88.0±5.4,86.2±6.0,,,87.7±5.0,80.4±6.4,2007
Louisia,80.3±9.5,94.1±5.4,93.2±5.7,90.7±7.3,93.1±5.8,92.0±5.9,88.9±7.6,,,79.1±9.5,76.0±9.7,2007
Maine,90.2±5.6,93.7±4.5,92.0±4.8,97.3±2.9,91.9±4.7,85.8±6.5,94.1±4.0,,,85.9±6.4,76.9±7.8,2007
Maryland,94.0±3.3,97.9±1.9,97.3±2.4,99.3±1.0,96.9±2.1,97.0±2.1,94.3±3.3,,,92.7±3.7,89.4±4.2,2007
Massachusetts,91.8±4.5,92.5±5.0,95.2±4.1,96.2±3.1,94.5±3.8,88.7±5.3,92.7±4.2,,,88.3±5.7,79.1±7.2,2007
Michigan,89.7±6.0,90.7±5.9,91.2±5.8,90.8±6.9,92.8±5.5,91.4±5.1,89.8±6.0,,,88.7±6.1,82.9±8.0,2007
Minnesota,91.6±4.1,95.1±3.0,93.8±3.5,93.8±3.4,91.9±4.7,91.2±3.9,97.5±2.1,,,90.8±4.2,82.8±6.0,2007
Mississippi,,,,,,,,,,,,2007
Missouri,86.3±6.2,93.7±4.4,94.7±4.1,94.2±4.7,92.7±5.4,93.1±4.4,87.9±6.6,,,86.3±6.2,81.5±7.1,2007
Monta,75.5±8.1,88.9±6.2,88.6±5.8,91.0±5.2,92.1±4.7,80.6±7.0,90.2±5.2,,,74.0±8.2,63.9±8.8,2007
Nebraska,89.2±5.6,98.1±1.9,94.9±4.1,96.8±2.9,98.5±1.7,94.4±4.5,90.3±5.8,,,88.4±5.6,83.0±7.0,2007
Nevada,80.9±8.7,88.8±6.9,89.2±6.6,86.7±7.8,86.1±7.6,87.8±7.0,78.8±8.7,,,79.2±8.9,72.6±9.5,2007
New Hampshire,94.1±4.0,98.4±1.8,98.2±1.9,97.9±2.3,98.7±1.8,95.2±3.4,97.5±2.5,,,93.9±4.1,89.5±5.1,2007
New Jersey,89.7±6.1,93.4±5.0,91.7±6.9,96.5±3.8,95.9±3.9,93.8±5.2,90.4±7.0,,,88.4±6.2,86.5±6.4,2007
New Mexico,,88.9±5.9,86.8±6.7,90.6±5.6,88.6±6.4,86.5±6.8,,,,,,2007
New York,90.4±3.6,94.0±2.9,92.2±3.1,93.2±3.7,93.7±3.1,90.2±3.5,91.2±3.6,,,87.0±4.0,80.5±5.0,2007
   NY-City of New York,86.9±6.5,90.9±5.8,89.3±5.3,92.4±5.6,90.4±5.9,87.6±5.6,88.1±6.1,,,81.9±7.2,78.4±7.4,2007
   NY-Rest of State,92.6±4.2,95.9±3.1,93.9±3.7,93.7±4.8,95.8±3.4,91.8±4.4,93.2±4.5,,,90.2±4.6,81.9±6.6,2007
North Caroli,85.3±6.8,92.3±4.4,95.8±2.9,90.2±5.9,94.9±3.9,93.3±4.6,89.9±5.8,,,84.8±6.9,80.9±7.6,2007
North Dakota,84.2±6.1,96.6±2.8,94.3±4.0,94.0±3.8,97.0±2.7,90.2±4.9,92.7±4.1,,,82.8±6.4,75.0±7.2,2007
Ohio,95.6±3.0,97.4±2.2,93.2±3.6,97.4±2.5,97.3±2.5,92.4±3.9,86.7±5.5,,,91.2±4.1,87.1±5.1,2007
Oklahoma,82.9±8.5,90.9±6.0,86.0±8.2,90.3±6.9,89.9±6.3,87.5±7.6,,,,79.5±9.5,76.6±9.8,2007
Oregon,86.8±8.0,91.2±7.0,92.3±6.7,89.6±7.5,89.9±7.1,85.9±8.6,84.8±8.7,,,83.9±8.3,74.8±9.8,2007
Pennsylvania,88.3±4.4,93.8±3.3,95.8±2.5,96.2±2.6,94.2±3.3,91.7±3.7,92.2±3.7,,,87.6±4.5,81.0±5.4,2007
   PA-Philadelphia County,,92.3±8.5,,,92.5±6.0,88.8±9.3,,,,,,2007
   PA-Rest of State,88.3±4.7,93.9±3.5,96.6±2.5,96.9±2.6,94.4±3.5,91.9±4.0,92.7±3.9,,,87.9±4.8,81.2±5.7,2007
Rhode Island,81.1±8.5,96.6±4.4,94.6±4.8,94.3±5.5,97.3±4.3,91.1±5.6,93.4±5.3,,,79.3±8.5,72.5±8.9,2007
South Caroli,89.4±5.3,93.1±4.0,92.0±4.7,93.7±4.3,95.2±3.9,90.4±5.2,91.9±5.1,,,86.3±5.8,82.6±6.3,2007
South Dakota,91.2±4.6,97.4±3.0,93.5±4.1,97.0±3.2,96.8±3.2,84.5±6.9,58.5±9.3,,,89.8±4.8,78.9±7.4,2007
Tennessee,85.7±7.8,95.1±5.0,93.9±6.2,94.8±5.1,94.5±3.7,90.3±6.9,90.0±6.3,,,85.7±7.8,79.6±8.5,2007
Texas,86.3±5.2,93.2±4.0,91.4±4.6,95.2±3.4,93.5±3.8,90.5±4.7,91.6±4.3,,,84.9±5.2,80.9±5.6,2007
   TX-Bexar County,89.3±5.5,95.7±3.6,94.3±4.2,95.8±3.5,95.7±3.2,92.8±4.4,95.1±3.4,,,87.5±5.9,84.2±6.5,2007
   TX-City of Houston,87.5±6.5,89.6±6.1,89.8±6.3,91.4±5.4,89.0±6.2,91.5±5.6,89.0±6.1,,,82.4±7.4,74.1±8.4,2007
   TX-Dallas County,89.5±5.7,95.0±4.0,99.0±1.9,96.9±3.1,94.8±3.9,97.4±2.8,92.5±5.2,,,87.6±6.2,83.9±7.0,2007
   TX-El Paso County,81.1±9.8,96.5±4.1,95.9±4.7,98.5±3.0,97.6±3.5,96.9±4.3,92.9±6.8,,,80.0±9.9,,2007
   TX-Rest of State,85.6±7.1,93.2±5.5,90.3±6.3,95.3±4.7,93.7±5.1,89.0±6.5,91.4±5.9,,,84.9±7.2,81.3±7.6,2007
Utah,83.8±5.8,91.3±4.8,91.0±4.8,92.5±4.6,89.9±4.9,87.7±5.7,85.1±5.9,,,82.0±6.0,76.1±6.7,2007
Vermont,88.7±5.9,98.7±1.9,96.8±3.2,97.9±2.4,96.2±3.2,74.8±9.5,92.2±6.6,,,88.7±5.9,66.7±9.9,2007
Virginia,88.1±5.1,94.7±3.0,91.0±5.1,94.9±3.6,93.0±3.5,88.2±5.6,92.3±4.1,,,86.1±5.7,78.7±6.8,2007
Washington,86.2±5.3,88.5±5.0,91.2±4.9,90.7±4.6,85.8±5.4,86.2±5.2,89.7±4.7,,,83.5±5.8,75.5±6.6,2007
   WA-Western WA,92.4±4.7,92.8±4.4,93.8±4.3,96.0±3.4,89.5±5.6,81.3±7.4,91.9±4.8,,,89.1±5.4,74.5±8.2,2007
   WA-Rest of State,85.0±6.3,87.7±5.9,90.7±5.7,89.7±5.4,85.1±6.3,87.1±6.0,89.3±5.6,,,82.5±6.8,75.6±7.7,2007
West Virginia,90.8±5.2,97.0±3.1,96.7±3.3,99.5±1.1,95.9±3.3,92.2±5.2,92.5±5.3,,,87.9±5.9,81.8±7.2,2007
Wisconsin,82.0±7.7,95.2±3.4,89.2±6.6,87.4±6.8,94.4±3.6,88.1±6.5,92.6±4.4,,,81.4±7.7,77.0±8.2,2007
Wyoming,80.6±7.0,94.0±4.2,92.0±4.7,91.3±5.0,95.5±3.9,81.2±7.6,88.2±5.9,,,80.1±7.1,70.9±8.4,2007
US tiol,87.3±1.1,93.8±0.8,91.9±0.9,91.5±0.8,93.7±0.7,90.8±0.9,93.2±0.7,,,,77.5±1.3,2008
Alabama,90.6±4.7,94.3±3.7,95.5±3.3,93.4±3.7,91.6±4.7,93.0±4.3,91.6±4.4,,,,78.7±6.7,2008
Alaska,,91.2±6.4,82.7±9.7,85.0±7.7,93.0±5.7,,90.4±6.6,,,,,2008
Arizo,86.0±7.7,91.4±6.1,95.0±4.9,89.6±6.6,93.9±4.4,90.8±6.1,89.1±7.5,,,,75.9±8.5,2008
Arkansas,86.6±6.5,92.3±5.2,91.4±5.5,93.6±4.6,92.9±5.1,90.4±5.6,94.4±4.4,,,,79.2±7.7,2008
California,89.2±4.5,94.7±3.5,92.3±4.3,93.9±3.0,94.7±3.6,93.0±3.8,95.7±2.4,,,,80.3±5.9,2008
   CA-Los Angeles County,88.0±7.1,96.2±3.3,91.7±5.6,91.1±5.8,95.4±4.4,92.9±4.7,97.9±2.4,,,,77.3±8.6,2008
   CA-Northern CA,,84.0±8.8,83.7±8.8,87.8±6.6,87.9±6.5,80.5±9.8,,,,,,2008
   CA-Santa Clara County,88.0±6.1,94.9±4.0,90.3±5.0,87.2±8.3,95.9±3.8,89.0±5.7,92.1±4.9,,,,76.2±9.1,2008
   CA-Rest of State,90.0±5.9,94.4±4.8,92.9±5.8,95.5±3.7,94.5±4.9,93.7±5.1,96.0±3.3,,,,81.8±7.9,2008
Colorado,86.5±8.3,96.5±2.7,93.0±7.3,84.9±8.7,95.3±3.5,91.1±7.4,94.8±4.1,,,,78.6±9.0,2008
Connecticut,89.7±4.7,99.2±1.1,93.8±4.4,84.5±6.5,96.8±2.6,93.6±4.1,96.3±2.8,,,,73.1±7.6,2008
Delaware,83.8±6.9,93.5±4.1,95.8±2.8,88.4±6.0,96.5±2.7,94.4±3.6,95.1±3.4,,,,72.5±7.9,2008
District of Columbia,87.6±6.5,89.6±6.2,88.7±5.8,91.6±6.1,91.1±5.9,90.8±5.5,91.0±5.6,,,,81.2±7.0,2008
Florida,89.7±4.6,92.2±4.2,89.9±4.4,94.1±3.4,94.8±3.1,89.6±5.0,93.6±3.3,,,,78.8±6.4,2008
   FL-Miami-Dade County,88.6±6.4,91.9±5.0,82.3±7.9,92.2±4.9,93.4±4.3,86.0±7.3,91.0±5.1,,,,74.3±9.2,2008
   FL-Orange County,88.4±7.9,95.1±5.5,90.6±6.3,94.0±4.3,96.1±2.6,94.0±3.2,96.1±3.5,,,,79.4±8.6,2008
   FL-Rest of State,90.1±5.8,91.9±5.4,91.3±5.4,94.5±4.3,95.0±4.0,89.8±6.4,93.9±4.3,,,,79.6±8.1,2008
Georgia,86.4±6.9,93.0±4.9,91.7±4.9,90.2±5.4,91.4±5.7,92.5±3.8,92.9±4.9,,,,80.4±7.6,2008
Hawaii,85.3±8.1,95.5±3.4,95.1±3.4,88.7±5.7,95.4±3.4,90.6±7.2,96.0±3.3,,,,79.7±8.6,2008
Idaho,75.8±8.0,92.6±4.3,85.0±7.4,77.3±7.9,93.4±4.1,81.4±7.5,92.4±4.7,,,,59.9±8.6,2008
Illinois,84.7±4.7,92.2±3.6,91.2±3.4,92.7±2.8,94.8±2.4,88.3±3.9,93.6±3.3,,,,76.4±5.2,2008
   IL-City of Chicago,83.7±7.0,91.9±4.4,87.5±5.8,92.4±4.3,93.5±4.1,86.2±6.0,92.7±4.3,,,,77.5±7.5,2008
   IL-Madison and St. Clair Counties,85.6±6.2,91.7±4.9,87.7±5.6,89.0±5.2,93.5±4.4,90.0±5.1,92.1±4.4,,,,74.1±7.2,2008
   IL-Rest of State,84.9±5.8,92.3±4.5,92.2±4.1,93.0±3.4,95.1±2.8,88.6±4.8,93.9±4.0,,,,76.3±6.4,2008
India,84.5±6.3,93.2±4.4,88.7±5.6,88.2±5.8,95.0±3.5,85.8±6.3,92.2±4.6,,,,73.7±7.9,2008
Iowa,83.5±7.0,92.1±4.9,91.9±5.6,89.6±5.6,94.1±3.8,86.4±6.4,94.2±3.5,,,,73.2±7.8,2008
Kansas,90.4±4.5,94.2±3.8,95.4±2.9,93.4±3.5,92.5±4.3,93.4±3.5,86.9±5.7,,,,81.0±6.0,2008
Kentucky,85.5±7.4,92.0±6.3,88.4±7.2,83.5±8.6,92.2±6.4,89.7±6.6,86.6±7.5,,,,70.9±9.4,2008
Louisia,84.6±6.8,93.2±5.4,90.0±4.9,88.9±6.0,90.6±5.8,90.1±5.0,91.3±5.7,,,,74.3±7.7,2008
Maine,91.2±4.4,96.8±2.9,92.7±4.4,87.5±5.6,91.8±4.4,89.2±4.8,94.1±4.1,,,,71.5±7.3,2008
Maryland,93.5±3.4,98.0±1.7,96.0±2.6,97.4±1.8,93.8±4.6,92.8±3.5,97.1±2.8,,,,82.1±6.0,2008
   MD-City of Baltimore,91.2±5.8,97.2±2.8,96.8±3.2,91.3±6.7,97.4±2.7,,,,,,,2008
   MD-Rest of State,93.6±3.6,98.1±1.8,96.0±2.7,97.8±1.9,93.6±4.9,93.0±3.7,97.7±2.9,,,,82.7±6.3,2008
Massachusetts,89.8±4.4,97.9±1.9,92.7±6.2,98.3±1.7,96.9±2.6,96.3±2.5,96.7±2.3,,,,85.4±5.4,2008
Michigan,88.4±6.4,92.2±4.9,87.9±5.7,88.5±5.7,90.3±5.3,88.3±5.4,91.4±5.4,,,,77.6±7.6,2008
Minnesota,89.2±4.9,94.8±3.3,92.8±3.5,86.1±4.9,92.9±3.7,88.6±4.6,91.4±4.2,,,,77.4±6.1,2008
   MN-Twin Cities,87.5±6.7,93.1±5.0,93.2±3.8,83.8±6.4,90.5±5.5,88.8±5.7,89.1±6.1,,,,76.2±7.5,2008
   MN-Rest of State,91.8±6.4,97.6±3.0,92.3±6.6,89.8±7.6,96.9±3.4,88.2±7.8,95.1±4.7,,,,,2008
Mississippi,82.0±8.4,91.3±6.8,87.3±7.8,81.4±8.1,92.3±6.8,88.6±7.7,86.6±8.2,,,,75.4±8.9,2008
Missouri,82.5±6.9,88.0±7.1,87.7±7.1,86.0±7.1,88.5±6.8,86.4±6.9,86.2±7.0,,,,71.9±7.8,2008
Monta,76.4±8.1,90.1±6.7,86.1±6.4,84.4±6.5,88.6±7.0,78.1±8.0,88.6±6.0,,,,63.0±8.7,2008
Nebraska,86.3±5.3,94.1±3.8,93.9±3.7,84.3±5.7,94.2±3.6,89.2±4.7,93.0±3.9,,,,75.5±6.5,2008
Nevada,81.6±6.5,89.0±5.5,88.1±5.8,87.2±5.8,83.7±6.6,84.6±6.7,77.0±7.3,,,,69.9±8.1,2008
New Hampshire,90.9±4.5,95.9±2.7,94.6±3.4,96.7±2.6,94.8±3.1,91.6±4.0,94.5±3.3,,,,80.8±6.1,2008
New Jersey,85.2±5.7,93.2±4.2,90.3±4.5,97.7±2.2,96.0±2.7,89.3±4.7,94.2±4.1,,,,74.0±6.7,2008
New Mexico,84.3±8.6,88.3±8.2,85.0±8.6,87.7±7.2,87.5±8.3,83.3±8.9,94.3±5.8,,,,75.4±9.4,2008
New York,86.3±4.2,94.4±3.0,90.0±3.7,90.8±3.3,93.6±3.0,89.3±4.1,92.5±3.5,,,,71.1±5.7,2008
   NY-City of New York,85.5±7.1,89.2±6.6,90.3±5.9,88.1±5.6,89.4±6.3,88.9±6.6,89.7±6.1,,,,71.1±9.0,2008
   NY-Rest of State,86.8±5.3,97.3±2.6,89.8±4.8,92.4±4.0,96.0±2.9,89.6±5.2,94.1±4.2,,,,71.0±7.3,2008
North Caroli,92.5±4.4,96.9±2.3,92.6±4.4,86.2±5.5,97.8±1.9,95.5±3.4,97.4±2.1,,,,76.6±6.8,2008
North Dakota,86.5±5.8,95.5±3.1,93.6±4.0,87.1±5.1,95.6±3.3,86.9±5.5,94.4±3.7,,,,70.8±7.2,2008
Ohio,91.3±4.3,95.8±2.9,94.4±3.5,97.9±1.9,93.3±4.3,92.4±4.0,93.5±3.7,,,,85.3±5.4,2008
Oklahoma,90.0±5.4,94.8±4.4,95.7±3.8,95.7±3.5,94.9±4.2,95.7±3.8,91.6±5.3,,,,85.0±6.8,2008
Oregon,80.7±7.9,92.8±4.9,86.2±6.9,87.3±7.3,88.0±6.2,83.2±7.2,88.6±6.8,,,,69.1±9.4,2008
Pennsylvania,91.1±4.7,96.1±3.2,94.5±3.1,91.4±4.8,95.2±3.2,92.1±3.8,94.2±3.4,,,,79.1±6.5,2008
   PA-Philadelphia County,93.9±5.7,99.2±1.6,92.9±5.6,98.6±2.0,96.2±3.8,94.2±4.5,97.9±3.0,,,,86.4±7.5,2008
   PA-Rest of State,90.9±5.0,95.9±3.4,94.6±3.3,90.9±5.0,95.1±3.4,91.9±4.0,93.9±3.7,,,,78.6±6.9,2008
Rhode Island,88.5±5.8,96.0±4.1,94.0±4.7,87.7±5.4,95.9±3.1,92.9±4.9,94.5±5.8,,,,75.7±7.9,2008
South Caroli,89.4±5.3,96.2±2.9,91.7±5.0,89.4±5.1,95.4±3.1,90.6±5.2,93.0±3.8,,,,78.8±6.7,2008
South Dakota,81.0±7.7,93.2±6.2,93.0±4.3,90.6±6.7,93.2±6.2,90.0±4.6,90.6±4.4,,,,75.3±7.9,2008
Tennessee,84.7±6.0,94.0±3.8,93.6±4.0,92.2±4.2,92.8±4.3,91.0±4.4,93.3±4.4,,,,78.6±6.6,2008
Texas,88.7±5.1,95.7±2.2,94.2±4.2,94.2±3.3,95.3±2.3,93.6±4.2,95.9±2.2,,,,82.5±5.9,2008
   TX-Bexar County,84.6±8.1,95.1±4.8,93.0±4.7,97.7±2.9,97.4±3.1,93.5±4.8,94.2±4.4,,,,79.0±8.9,2008
   TX-City of Houston,90.7±7.4,91.4±7.3,91.1±7.2,88.2±7.7,88.3±8.1,90.2±8.4,93.7±6.8,,,,,2008
   TX-Dallas County,93.0±4.7,92.9±5.8,95.0±4.1,94.3±4.2,92.7±5.7,92.2±5.0,92.7±4.9,,,,84.0±7.9,2008
   TX-El Paso County,85.4±8.2,89.7±7.0,90.6±6.2,95.0±4.8,90.8±6.2,94.3±4.9,96.1±4.4,,,,75.7±9.8,2008
   TX-Rest of State,88.5±6.7,96.6±2.7,94.6±5.4,94.6±4.2,96.3±2.8,94.2±5.5,96.6±2.8,,,,83.7±7.6,2008
Utah,81.7±8.7,89.2±6.9,89.4±6.3,90.4±6.4,90.9±5.3,92.4±5.0,88.9±6.5,,,,73.4±9.1,2008
Vermont,80.7±7.3,94.2±4.0,90.0±5.2,97.0±2.8,93.4±4.2,75.0±8.0,92.9±4.8,,,,63.7±8.7,2008
Virginia,82.1±8.7,91.9±4.6,92.9±5.4,94.4±4.2,93.6±3.9,94.8±3.3,98.2±2.0,,,,74.5±9.0,2008
Washington,83.3±6.0,86.7±5.5,90.7±4.3,86.4±5.9,85.5±5.4,85.5±5.1,86.6±5.5,,,,71.5±7.0,2008
   WA-Eastern/Western WA,80.1±7.8,86.8±6.1,86.5±6.4,87.3±6.2,85.4±6.3,81.5±7.5,86.1±6.2,,,,71.6±8.6,2008
   WA-Rest of State,84.5±7.8,86.6±7.2,92.2±5.4,86.1±7.7,85.6±7.0,87.0±6.4,86.7±7.2,,,,71.5±9.0,2008
West Virginia,89.7±5.3,96.2±3.1,93.8±4.0,95.3±3.3,96.0±2.8,93.4±3.6,92.3±4.9,,,,79.9±6.7,2008
Wisconsin,87.6±7.1,93.4±5.0,94.2±4.8,87.6±6.6,95.1±4.7,88.9±6.4,92.0±5.6,,,,79.3±8.0,2008
Wyoming,76.9±7.0,90.2±5.1,91.1±4.5,81.7±6.6,92.2±4.3,87.8±4.9,88.4±5.6,,,,67.9±7.7,2008
US tiol¥,86.0±1.3,93.1±1.0,90.1±1.1,92.7±1.0,91.5±1.1,89.1±1.1,92.6±1.0,47.7±1.7,48.7±1.7,83.3±1.4,,2009
Alabama,94.3±4.0,97.2±3.6,97.8±3.0,99.6±0.6,97.0±2.3,96.4±3.0,99.0±1.3,47.9±9.7,68.2±8.8,91.3±5.6,,2009
Alaska,80.4±8.6,92.1±5.7,86.1±8.1,92.5±4.9,94.0±4.4,,93.1±5.4,,,75.8±9.7,,2009
Arizo,81.4±7.3,90.0±5.9,86.9±6.4,87.7±6.3,85.0±6.7,84.0±6.9,89.3±5.9,53.8±9.0,34.6±7.9,78.7±7.5,,2009
Arkansas,,88.4±6.4,,85.3±7.6,87.0±6.7,,84.4±7.7,24.6±8.8,,,,2009
California,84.7±7.0,91.1±5.9,87.5±6.4,91.0±6.0,86.5±6.6,87.3±6.5,89.9±6.1,45.4±9.1,46.6±8.9,82.3±7.2,,2009
   CA-Los Angeles County,90.8±6.8,94.0±5.8,90.6±6.6,94.7±5.6,91.3±6.5,90.1±6.8,93.8±5.9,,,89.2±7.1,,2009
   CA-Rest of State,83.2±8.5,90.4±7.1,86.7±7.7,90.2±7.2,85.5±7.9,86.6±7.8,89.0±7.4,,,80.7±8.7,,2009
Colorado,81.4±9.3,84.8±9.1,,,80.1±9.6,80.6±9.2,,,,,,2009
Connecticut,90.7±5.0,97.1±2.3,90.3±5.1,94.2±3.7,97.4±2.1,92.4±4.7,98.0±1.6,42.8±9.7,46.1±9.9,86.4±6.0,,2009
Delaware,86.3±7.5,92.6±5.6,89.0±6.1,91.9±5.6,89.2±6.9,91.0±5.0,94.2±4.1,49.8±9.2,56.6±9.4,81.5±8.1,,2009
District of Columbia,90.7±4.4,95.0±3.9,93.3±4.0,92.5±4.9,92.1±5.4,91.2±5.0,94.5±3.8,45.5±7.6,45.2±7.8,88.9±4.7,,2009
Florida,91.0±5.4,94.2±4.8,89.0±6.0,94.7±5.0,91.2±6.4,89.8±5.6,93.7±3.8,46.3±9.1,44.1±9.0,86.9±6.2,,2009
Georgia,84.0±6.7,94.6±4.0,92.3±4.9,91.7±4.9,94.6±4.0,94.3±4.5,95.2±3.5,62.1±9.0,66.0±8.4,82.8±6.8,,2009
Hawaii,78.6±8.3,87.3±6.8,84.7±7.6,87.7±6.9,86.6±6.9,87.6±6.8,88.4±6.6,,33.4±9.3,77.5±8.4,,2009
Idaho,81.3±8.0,93.7±5.3,86.2±7.1,91.6±6.1,93.5±5.4,78.6±8.8,93.7±5.3,,29.8±9.7,78.5±8.3,,2009
Illinois,84.9±5.1,91.5±4.5,89.1±4.8,94.4±3.4,92.4±3.6,87.0±5.3,92.6±4.3,31.4±5.7,48.9±6.6,83.1±5.3,,2009
   IL-City of Chicago,77.0±8.2,88.7±6.0,87.9±5.1,94.3±3.7,89.8±4.8,87.8±5.0,92.4±4.2,32.2±8.3,59.6±8.6,74.2±8.3,,2009
   IL-Rest of State,86.6±6.0,92.1±5.3,89.4±5.7,94.4±4.0,92.9±4.3,86.8±6.4,92.6±5.1,31.3±6.7,46.6±7.9,85.0±6.2,,2009
India,85.1±6.3,95.5±2.9,88.6±5.5,96.3±2.7,93.3±3.7,88.0±5.6,94.6±3.5,47.3±8.4,54.2±8.3,81.5±6.9,,2009
   IN-Lake County,85.0±8.8,94.6±4.7,,94.5±6.1,93.2±6.6,,95.2±5.9,15.3±7.0,,,,2009
   IN-Marion County,87.3±5.8,94.9±3.5,90.2±5.3,96.4±2.9,94.0±3.9,92.9±4.1,95.7±3.2,50.7±9.3,57.9±9.3,85.4±6.1,,2009
   IN-Rest of State,84.7±7.7,95.7±3.5,89.0±6.7,96.4±3.3,93.2±4.5,87.6±6.9,94.4±4.3,,,81.6±8.4,,2009
Iowa,92.1±3.9,97.2±2.1,93.9±3.7,95.0±3.5,95.6±3.0,93.5±3.7,92.6±4.3,48.0±8.5,58.2±8.4,91.0±4.2,,2009
Kansas,87.3±6.2,92.8±5.5,91.9±5.6,92.4±5.6,89.1±5.9,90.6±5.7,89.4±6.4,37.7±9.0,43.3±9.0,85.6±6.6,,2009
Kentucky,87.4±5.3,97.3±2.4,90.2±4.7,94.4±3.3,94.3±3.4,91.2±4.5,91.2±4.4,38.1±7.4,57.9±7.6,84.2±5.7,,2009
Louisia,90.6±6.0,98.5±1.9,91.4±5.4,97.6±2.5,97.8±2.9,96.8±3.1,97.2±2.9,,50.5±10.3,88.5±6.3,,2009
Maine,93.9±3.6,96.3±3.1,90.6±5.4,90.5±4.7,91.8±4.3,86.0±6.2,95.7±3.1,21.3±6.9,27.9±7.9,87.4±6.0,,2009
Maryland,94.5±3.6,97.4±2.2,94.9±4.7,96.8±2.9,95.3±3.8,95.4±4.6,97.0±2.7,47.4±9.2,52.3±9.3,91.1±5.4,,2009
   MD-City of Baltimore,90.4±7.5,93.7±6.8,92.5±7.1,93.5±6.9,92.2±7.0,89.8±7.6,93.3±6.9,,,87.8±7.9,,2009
   MD-Rest of State,94.8±3.8,97.6±2.3,95.1±5.0,97.0±3.0,95.4±4.0,95.7±4.8,97.2±2.9,47.3±9.7,52.4±9.8,91.3±5.7,,2009
Massachusetts,87.0±5.6,94.9±3.0,91.2±4.3,94.9±3.0,94.0±3.4,89.9±4.5,95.1±2.9,45.8±7.9,40.6±7.5,85.5±5.8,,2009
Michigan,93.6±4.5,97.6±2.2,92.2±4.3,94.0±4.5,96.1±2.7,90.9±5.1,95.5±3.3,47.2±9.1,55.5±9.0,90.0±5.5,,2009
Minnesota,84.9±5.9,94.6±3.4,91.7±4.4,92.2±3.9,93.6±3.6,88.4±5.1,95.6±3.2,58.0±7.9,55.2±8.0,82.4±6.3,,2009
Mississippi,85.9±7.1,95.6±4.0,92.4±5.5,92.7±5.1,96.4±3.7,95.4±3.8,96.4±4.2,41.5±9.6,52.7±9.5,83.5±7.3,,2009
Missouri,85.1±6.7,88.1±6.4,91.6±4.3,88.9±6.4,87.1±6.4,85.3±6.2,89.4±6.0,39.6±7.9,53.4±8.3,81.7±7.1,,2009
Monta,74.2±8.3,89.2±5.7,87.3±6.3,82.6±7.5,89.3±5.6,76.1±8.4,87.5±6.4,31.3±8.3,32.5±8.5,72.6±8.4,,2009
Nebraska,80.0±6.7,94.8±3.2,94.3±3.4,93.4±4.4,94.1±3.6,90.5±5.0,95.6±2.9,55.2±8.4,66.2±8.2,78.3±6.9,,2009
Nevada,79.4±6.7,87.7±5.3,87.6±5.5,88.8±4.5,88.5±4.9,82.9±6.4,83.7±6.2,45.8±8.2,30.9±7.8,76.1±7.0,,2009
New Hampshire,87.3±5.4,94.8±3.4,92.5±4.3,98.0±1.8,94.8±3.1,89.6±4.8,94.9±3.4,49.4±8.1,62.6±8.1,82.0±6.2,,2009
New Jersey,86.9±4.9,94.6±3.0,85.5±5.1,94.2±3.4,91.9±4.7,90.3±4.4,93.3±3.7,35.3±7.0,45.2±7.3,81.4±5.8,,2009
New Mexico,81.2±8.9,84.8±8.0,81.0±8.7,79.5±9.4,83.7±8.1,80.5±8.4,87.7±7.9,32.3±8.6,49.7±9.8,77.0±9.1,,2009
New York,86.5±4.8,93.6±3.3,89.9±3.9,92.8±3.9,92.8±3.4,89.7±4.1,95.4±2.9,35.5±6.6,40.8±6.6,82.9±5.1,,2009
   NY-City of New York,84.7±8.7,94.2±5.5,93.0±5.7,89.9±8.0,92.0±6.2,90.8±7.2,94.9±5.5,,36.4±10.5,82.3±8.8,,2009
   NY-Rest of State,87.8±5.5,93.2±4.0,87.8±5.4,94.7±3.6,93.3±4.0,89.0±4.9,95.7±3.1,35.0±8.5,43.7±8.5,83.3±6.0,,2009
North Caroli,88.1±6.7,92.2±6.0,93.3±5.3,90.2±6.1,92.7±5.5,90.6±6.0,90.2±6.8,,42.3±9.7,86.5±6.8,,2009
North Dakota,89.1±5.5,96.5±3.6,94.6±4.1,91.0±5.2,96.5±3.6,94.7±4.1,95.2±4.0,69.3±8.2,69.7±8.2,89.1±5.5,,2009
Ohio,81.4±7.2,90.0±4.9,86.9±6.3,87.1±7.3,91.4±4.5,84.5±6.5,91.4±4.6,39.4±9.1,46.4±9.4,77.7±7.7,,2009
Oklahoma,88.8±6.4,90.3±6.1,93.8±4.9,90.0±7.4,93.4±5.4,91.0±5.8,89.0±6.4,,,85.8±7.0,,2009
Oregon,86.3±5.9,93.0±4.6,87.6±5.4,92.4±4.6,88.0±5.3,83.5±6.4,93.0±4.6,47.4±8.1,41.1±8.1,81.4±6.4,,2009
Pennsylvania,85.6±5.8,93.5±4.1,93.2±3.6,97.7±2.1,93.7±4.0,91.1±4.4,93.7±3.9,56.2±7.7,64.9±7.4,85.0±5.8,,2009
   PA-Philadelphia County,84.4±9.3,96.6±3.3,88.8±7.1,92.0±7.1,88.5±7.0,89.3±6.9,93.6±6.8,,,83.4±9.4,,2009
   PA-Rest of State,85.7±6.2,93.2±4.4,93.6±3.8,98.2±2.2,94.1±4.3,91.3±4.7,93.7±4.2,56.8±8.2,65.8±8.0,85.1±6.3,,2009
Rhode Island,90.4±4.8,97.4±3.5,89.7±5.9,88.5±5.4,99.0±1.0,91.1±5.2,96.1±3.8,57.4±8.8,74.0±8.7,84.4±6.4,,2009
South Caroli,85.8±6.2,94.3±4.2,89.6±6.0,92.9±4.5,95.0±3.9,91.1±5.1,93.3±4.5,44.4±9.0,48.7±9.1,84.6±6.4,,2009
South Dakota,80.5±7.2,95.4±3.8,91.9±4.7,94.4±4.2,95.6±3.7,84.1±6.6,93.3±4.2,37.9±8.8,44.0±9.0,79.8±7.3,,2009
Tennessee,84.7±6.2,95.2±3.0,93.9±3.4,95.4±2.8,95.6±2.7,90.1±6.0,95.7±2.9,47.8±8.7,61.0±8.6,83.0±6.3,,2009
Texas,86.0±6.2,94.9±3.0,94.0±2.7,94.9±3.0,92.5±3.7,95.5±2.2,94.8±2.9,54.4±7.8,56.7±7.7,85.4±6.2,,2009
   TX-Bexar County,82.2±9.4,87.8±9.2,85.1±9.5,92.9±7.8,90.0±8.5,89.5±8.2,89.4±8.4,,,79.2±9.7,,2009
   TX-City of Houston,91.2±7.3,93.2±6.3,93.8±5.1,92.0±6.5,90.7±6.7,94.7±4.5,93.4±6.2,,,89.2±7.7,,2009
   TX-Dallas County,,,,95.1±6.0,93.2±6.6,,,,,,,2009
   TX-El Paso County,82.8±8.0,92.1±5.5,85.0±8.6,89.8±7.2,90.4±6.2,91.0±6.2,92.9±5.3,,,78.6±9.0,,2009
   TX-Rest of State,87.0±8.3,96.7±3.5,96.8±2.9,95.5±3.9,93.0±4.8,98.0±2.1,96.4±3.4,,,86.8±8.3,,2009
Utah,85.1±6.1,91.8±4.9,92.4±4.1,92.7±4.8,94.3±3.6,85.4±6.7,91.1±5.6,48.1±8.4,46.6±8.7,83.8±6.2,,2009
Vermont,83.5±5.7,91.0±5.0,88.8±5.1,92.8±4.4,91.3±4.7,79.2±6.4,94.2±3.9,39.5±7.3,30.3±6.7,76.8±6.7,,2009
Virginia,85.2±7.4,91.2±6.6,92.3±4.9,93.3±6.0,91.5±6.4,90.3±6.9,91.2±6.7,43.3±8.5,55.4±8.6,82.1±7.8,,2009
Washington,80.8±6.2,91.2±4.1,90.0±4.0,92.3±3.9,85.2±5.3,83.9±5.9,92.2±3.8,51.7±7.8,20.6±6.3,78.2±6.4,,2009
   WA-Eastern/Western WA,72.9±8.7,88.1±6.4,86.3±6.9,88.5±5.9,85.1±6.8,78.7±8.1,86.8±6.6,45.9±9.8,26.9±8.7,71.4±8.8,,2009
   WA-Rest of State,83.4±7.7,92.2±5.1,91.2±4.8,93.5±4.8,85.2±6.7,85.5±7.4,94.0±4.5,53.6±9.8,18.6±7.9,80.4±7.9,,2009
West Virginia,85.3±8.3,92.3±6.3,89.1±7.2,91.1±6.9,92.1±6.3,87.2±7.2,87.7±7.4,,,80.0±9.0,,2009
Wisconsin,87.8±4.8,94.5±3.7,92.0±4.1,94.3±3.6,94.1±3.9,88.7±4.7,91.9±4.7,51.0±7.3,49.3±7.3,86.0±5.1,,2009
Wyoming,84.7±5.4,94.1±3.5,91.2±4.1,91.3±4.1,94.5±3.3,86.1±5.4,90.5±4.5,34.4±7.5,39.2±7.7,84.3±5.4,,2009
US tiol,86.1±1.4,92.8±0.9,90.4±1.0,90.8±1.2,90.8±1.0,89.8±1.1,92.7±1.1,47.2±1.8,64.1±1.8,82.6±1.4,74.8±1.6,2010
Alabama,96.0±2.8,94.6±4.0,96.3±2.7,95.5±3.2,91.6±4.2,96.4±3.1,96.4±2.7,49.6±8.5,78.8±6.7,91.3±4.6,81.3±6.4,2010
Alaska,83.0±7.6,95.0±3.8,90.0±4.9,92.9±4.5,95.2±3.3,85.6±6.0,95.4±3.5,43.3±9.5,53.9±9.7,78.3±8.1,72.6±8.6,2010
Arizo,87.3±6.5,93.5±4.1,91.3±4.5,93.6±4.0,91.9±4.3,91.9±4.5,95.3±3.6,51.8±8.8,67.0±8.3,82.9±6.9,77.8±7.5,2010
Arkansas,77.0±9.7,87.6±8.6,81.9±8.9,86.6±8.7,89.1±8.5,86.1±8.6,87.9±8.7,39.1±9.5,,75.4±9.7,71.9±9.8,2010
California,77.7±8.5,89.1±5.5,88.4±5.3,86.8±7.8,89.8±5.3,87.4±6.0,88.3±6.8,40.1±9.4,,73.8±8.7,66.7±9.7,2010
CA-Los Angeles County,87.1±6.9,91.6±5.8,82.6±8.1,91.1±5.9,87.8±6.8,88.8±6.8,93.0±5.2,,,77.1±8.9,69.1±9.9,2010
CA-Rest of State,,88.5±6.7,89.9±6.2,85.8±9.6,90.2±6.4,87.0±7.3,87.1±8.3,,,,,2010
Colorado,86.3±5.5,91.0±5.0,86.5±5.4,84.9±6.2,88.9±4.9,83.4±5.8,87.7±5.5,40.9±7.9,58.7±8.0,81.1±6.1,69.3±7.3,2010
Connecticut,90.9±4.8,98.5±1.5,97.0±2.1,92.2±3.6,96.4±2.4,91.3±4.6,97.3±2.1,41.6±8.5,62.5±8.4,89.9±4.9,78.8±6.6,2010
Delaware,86.3±5.6,93.4±4.1,93.3±3.7,90.2±4.9,90.6±4.5,92.3±4.0,96.3±3.2,65.0±7.4,80.5±6.2,81.9±6.1,69.7±7.2,2010
Dist. of Columbia,86.6±7.8,92.8±4.3,96.0±3.3,95.0±3.6,92.4±4.6,95.4±3.4,94.7±3.8,52.7±9.2,55.6±9.2,83.2±8.1,77.8±8.6,2010
Florida,90.5±5.7,93.3±4.3,88.0±6.0,96.2±3.6,92.4±4.6,92.9±4.8,92.9±4.5,43.1±9.7,60.2±9.7,86.6±6.2,83.0±7.0,2010
Georgia,86.7±7.1,95.8±4.5,91.9±6.1,91.5±6.0,95.0±4.3,95.8±4.6,99.1±1.2,,75.3±8.1,81.9±7.9,72.2±8.7,2010
Hawaii,87.9±5.7,92.5±4.6,91.9±4.8,84.2±8.4,87.4±7.4,91.9±4.7,88.3±7.7,45.1±8.8,50.6±8.9,85.6±6.0,77.7±8.6,2010
Idaho,73.9±7.1,89.5±5.0,85.5±5.9,81.9±6.8,86.8±5.5,77.3±6.6,86.8±5.5,33.7±7.8,50.6±8.3,70.4±7.4,56.5±8.1,2010
Illinois,85.0±5.2,93.3±3.6,90.0±4.0,89.8±4.4,91.1±4.6,86.7±4.9,94.6±3.0,37.3±6.6,62.7±6.8,81.8±5.4,71.8±6.5,2010
IL-City of Chicago,89.2±6.0,93.0±5.0,88.4±5.7,92.7±5.5,90.8±5.3,87.1±6.5,93.7±4.8,33.1±7.1,67.9±8.1,83.6±6.6,76.4±7.5,2010
IL-Rest of State,83.9±6.3,93.4±4.3,90.4±4.8,89.1±5.4,91.1±5.6,86.6±5.9,94.9±3.5,38.4±8.1,61.4±8.3,81.3±6.6,70.6±7.9,2010
India,89.0±5.9,92.3±5.2,92.8±4.7,90.1±5.4,90.6±5.0,90.5±5.3,90.9±5.5,52.1±8.7,61.8±8.5,86.7±6.1,80.5±6.9,2010
Iowa,83.7±6.7,95.0±5.2,91.5±5.7,88.7±6.1,93.2±5.5,89.6±6.0,94.1±5.3,54.0±8.2,69.7±7.9,82.4±6.8,74.1±7.6,2010
Kansas,84.1±6.8,92.1±4.8,87.6±6.3,90.8±5.2,92.5±4.0,87.1±6.3,92.0±4.9,53.2±8.5,62.8±8.3,82.6±6.9,77.7±7.3,2010
Kentucky,88.1±5.9,95.8±3.5,91.7±4.7,89.3±5.5,92.4±4.5,92.9±4.3,90.7±5.0,44.1±8.7,73.6±7.7,86.3±6.1,77.2±7.4,2010
Louisia,,85.4±9.5,,87.8±9.1,86.8±9.2,,88.4±9.1,,,,,2010
Maine,86.4±6.8,90.0±5.9,91.2±5.8,80.7±7.9,82.9±7.1,87.9±6.4,91.3±5.6,31.1±8.7,37.1±9.0,82.3±7.4,67.1±8.9,2010
Maryland,91.3±4.5,95.9±3.7,91.8±4.9,93.1±4.9,91.8±4.1,90.9±5.1,88.1±6.6,45.5±8.5,59.1±8.7,85.9±6.1,78.3±7.5,2010
Massachusetts,92.3±3.9,96.1±3.0,92.5±3.6,95.9±2.9,93.8±3.7,90.7±4.6,96.2±2.8,53.2±7.9,70.6±6.8,87.6±5.0,80.6±6.1,2010
Michigan,85.9±7.0,92.8±5.1,84.3±6.9,88.4±6.3,88.4±5.8,86.9±6.4,89.2±6.3,37.7±8.8,53.1±9.3,80.0±7.5,75.6±7.9,2010
Minnesota,94.0±3.2,95.8±2.7,95.9±2.8,91.9±4.1,89.7±5.0,93.3±3.5,97.0±2.2,57.3±8.1,78.8±7.0,92.2±3.7,79.6±6.4,2010
Mississippi,88.1±6.1,96.1±3.6,93.1±4.6,91.7±5.7,94.8±3.6,92.7±4.9,94.7±4.4,,,88.1±6.1,81.3±7.8,2010
Missouri,83.3±6.5,89.0±5.5,88.4±5.5,90.1±5.3,88.2±5.6,84.0±6.6,88.3±5.8,46.7±8.3,66.6±8.2,80.8±6.7,72.8±7.5,2010
Monta,81.2±6.4,87.9±5.8,88.7±5.2,85.9±6.0,86.0±5.7,82.4±6.2,88.9±5.3,37.7±8.1,56.1±8.5,77.0±7.1,67.3±7.9,2010
Nebraska,92.0±4.3,96.4±3.1,95.7±3.3,90.1±5.6,92.0±4.6,92.9±4.1,94.8±4.1,62.2±8.3,76.9±7.2,91.5±4.4,78.6±7.1,2010
Nevada,80.7±7.9,88.7±6.1,88.7±6.2,84.8±7.4,82.5±7.5,90.1±5.9,83.1±8.2,64.7±9.8,,77.8±8.4,66.3±9.8,2010
New Hampshire,93.8±5.6,97.7±2.6,96.5±2.9,99.8±0.5,97.5±2.1,92.4±5.8,99.3±1.1,60.3±9.3,78.6±7.0,90.3±6.3,85.9±6.6,2010
New Jersey,84.3±5.5,93.3±3.8,90.3±4.9,96.4±2.5,94.2±3.3,94.2±2.9,95.4±3.0,37.7±7.5,57.3±7.8,77.1±6.5,70.4±7.0,2010
New Mexico,74.3±8.7,87.4±5.9,84.6±6.8,85.7±6.4,87.0±5.9,87.0±5.8,85.8±6.9,45.5±9.1,56.3±9.3,69.3±8.9,62.5±9.1,2010
New York,86.4±5.2,92.8±3.9,91.3±3.8,90.5±4.4,94.1±3.0,91.2±4.0,92.9±3.7,36.4±6.8,49.7±6.9,82.8±5.5,73.9±6.2,2010
NY-City of New York,82.9±8.7,92.8±6.1,90.6±6.4,87.0±7.6,93.3±5.1,91.6±6.2,94.1±4.5,,,82.3±8.8,,2010
NY-Rest of State,88.8±6.4,92.8±5.0,91.8±4.7,92.8±5.3,94.6±3.7,90.8±5.2,92.1±5.3,41.6±8.8,56.4±9.0,83.1±7.0,76.8±7.7,2010
North Caroli,87.9±5.4,97.8±2.0,94.4±3.7,86.7±5.9,91.7±5.1,95.4±2.7,97.5±2.0,58.6±8.1,72.2±7.6,85.4±5.9,74.0±7.3,2010
North Dakota,86.8±5.7,97.5±2.5,93.5±3.8,89.3±4.8,98.1±2.1,91.9±4.2,98.1±2.1,63.4±7.7,81.1±6.4,85.7±5.8,76.9±6.7,2010
Ohio,93.6±3.9,96.5±3.0,94.1±4.0,92.9±5.3,94.4±3.7,93.3±4.2,96.5±3.0,,72.8±9.5,90.3±4.9,84.2±6.7,2010
Oklahoma,85.5±6.1,97.6±2.4,94.3±3.7,95.5±3.2,94.8±3.7,92.1±4.4,96.7±2.7,58.4±8.9,54.3±9.1,83.6±6.4,76.6±7.3,2010
Oregon,86.9±5.8,90.5±5.2,92.2±4.6,89.5±5.5,90.1±5.0,84.9±6.3,94.3±4.2,53.7±8.6,56.6±8.5,82.1±6.5,69.5±7.9,2010
Pennsylvania,84.8±5.6,94.6±3.4,90.4±4.2,95.2±2.7,92.5±3.8,91.5±3.7,95.2±2.8,51.7±7.0,69.5±6.7,83.5±5.7,76.2±6.3,2010
PA-Philadelphia County,,93.0±6.6,92.0±6.8,94.0±6.3,83.7±9.1,92.7±6.7,94.9±6.1,,,,,2010
PA-Rest of State,85.1±6.0,94.7±3.7,90.3±4.5,95.3±2.9,93.1±4.0,91.5±3.9,95.2±2.9,51.4±7.4,69.6±7.2,83.7±6.1,76.4±6.7,2010
Rhode Island,88.9±5.9,98.3±2.0,95.6±3.1,89.7±5.1,96.4±2.9,95.0±3.6,98.0±2.0,58.0±9.0,78.7±8.2,87.3±6.1,76.7±7.3,2010
South Caroli,90.2±5.0,96.1±3.2,89.2±5.7,93.2±4.3,93.2±4.2,93.1±5.0,95.2±3.4,46.4±8.5,71.4±7.7,83.3±6.7,79.4±7.1,2010
South Dakota,80.2±6.8,94.3±3.4,90.4±4.6,88.7±5.1,92.8±4.2,88.6±5.2,91.7±4.1,31.9±7.7,53.6±8.0,78.1±7.1,71.1±7.6,2010
Tennessee,90.0±5.1,95.0±3.5,95.5±3.2,95.0±3.6,92.1±5.1,95.5±3.2,93.5±4.6,58.5±9.1,70.3±8.9,89.1±5.3,83.4±6.6,2010
Texas,87.2±4.2,91.5±3.5,90.0±4.2,91.4±3.5,86.0±4.7,88.2±4.6,92.5±3.3,53.6±6.6,73.9±5.7,83.5±4.9,75.3±5.8,2010
TX-Bexar County,84.8±8.2,92.5±6.5,96.2±2.8,92.0±6.7,92.2±6.5,96.6±2.5,93.8±5.9,,,84.8±8.2,82.1±8.4,2010
TX-City of Houston,92.0±5.0,94.7±4.7,96.7±3.4,93.1±5.2,90.4±6.0,95.8±3.8,96.3±3.7,,83.1±7.3,88.3±6.2,79.1±8.1,2010
TX-Dallas County,92.4±4.6,96.3±3.0,94.4±5.3,94.9±3.8,93.0±4.1,91.7±5.9,95.4±3.5,52.0±9.8,74.7±8.6,88.1±6.6,81.5±7.5,2010
TX-El Paso County,,,,,,,,,,,,2010
TX-Rest of State,86.4±5.6,90.7±4.6,88.2±5.7,91.1±4.7,84.1±6.2,86.2±6.1,91.9±4.4,52.1±8.7,73.7±7.5,82.3±6.5,73.6±7.6,2010
Utah,76.7±7.0,87.3±6.4,84.8±5.6,86.3±6.4,88.0±5.1,84.6±5.6,89.5±5.0,44.9±7.7,66.7±7.4,74.1±7.3,68.4±7.5,2010
Vermont,87.8±6.0,97.9±2.2,92.9±4.2,94.2±4.3,93.2±4.1,85.1±6.1,94.4±4.1,40.1±8.9,51.0±9.2,83.1±6.7,71.4±8.1,2010
Virginia,90.7±4.1,93.1±3.9,92.3±4.1,92.6±3.7,86.0±5.5,92.0±3.8,93.8±3.5,51.4±7.5,73.9±6.4,86.9±5.0,78.7±6.1,2010
Washington,85.2±6.0,90.8±5.0,87.6±5.7,89.9±5.2,86.9±5.6,82.2±6.3,89.4±5.5,49.5±7.8,53.1±7.9,82.6±6.2,74.4±7.0,2010
WA-Eastern WA,90.2±6.5,95.1±4.0,91.1±6.3,92.7±6.0,93.1±4.8,89.2±6.8,95.0±4.1,,,86.7±7.2,81.8±8.2,2010
WA-Western WA,84.1±7.1,89.9±6.0,86.8±6.8,89.3±6.2,85.5±6.8,80.7±7.5,88.1±6.6,49.9±9.2,52.9±9.3,81.6±7.4,72.7±8.4,2010
West Virginia,88.9±6.0,96.0±3.5,93.1±4.9,91.6±4.8,95.4±4.2,91.6±5.3,95.6±3.6,57.8±9.3,61.2±9.0,86.4±6.3,79.2±7.4,2010
Wisconsin,90.6±4.8,90.1±5.2,91.6±4.5,89.7±5.3,91.2±4.5,89.5±4.8,93.1±4.6,49.4±7.9,69.9±7.5,87.0±5.4,80.3±6.3,2010
Wyoming,81.1±6.6,93.2±4.6,90.4±5.2,91.2±5.0,91.7±5.0,82.6±6.5,89.6±5.5,37.3±8.4,55.5±8.5,78.4±6.9,66.3±8.0,2010
US tiol,87.3±1.1,93.8±0.8,91.4±1.0,94.8±0.8,89.9±1.0,90.1±1.0,93.4±0.9,51.5±1.8,71.7±1.6,84.4±1.2,78.2±1.4,2011
Alabama,91.3±6.5,95.7±3.3,94.8±3.5,97.2±2.4,90.5±5.6,95.9±2.7,96.6±2.6,,88.3±5.5,87.9±7.0,80.8±8.3,2011
Alaska,76.0±9.5,91.5±7.2,86.6±8.3,88.0±7.8,92.0±7.1,81.3±8.9,89.2±7.6,,,75.0±9.5,,2011
Arizo,85.8±7.2,91.0±5.4,83.0±8.5,92.8±5.0,82.7±7.7,83.4±9.0,86.7±8.2,,,76.9±9.3,,2011
Arkansas,85.9±8.1,93.8±4.0,94.1±3.4,93.7±4.2,86.9±7.3,93.5±4.1,92.6±4.4,,,83.9±8.4,79.3±9.1,2011
California,92.6±3.6,94.4±3.3,92.1±4.3,94.8±4.2,89.4±4.7,89.8±4.6,96.4±2.6,56.2±9.2,74.8±7.8,90.5±4.1,81.4±6.6,2011
Colorado,81.7±8.6,87.0±7.5,84.4±8.3,88.8±7.6,83.6±7.8,84.1±8.3,83.9±9.9,45.0±9.8,,78.5±8.7,74.5±9.0,2011
Connecticut,89.1±4.4,98.0±2.1,95.8±2.7,97.3±2.3,92.4±3.7,94.5±2.9,96.2±2.8,56.4±6.6,67.9±6.3,86.7±4.7,81.2±5.4,2011
Delaware,91.1±6.9,96.0±3.9,94.1±4.3,97.4±3.7,92.4±4.9,92.7±4.8,96.3±3.0,54.9±9.3,79.9±7.8,85.3±7.9,79.4±8.4,2011
Dist. of Columbia,90.3±4.3,94.6±3.5,93.2±4.1,93.8±3.8,90.3±4.6,90.6±4.6,91.0±4.5,51.0±8.1,67.2±7.7,88.2±4.8,80.2±6.1,2011
Florida,87.3±6.1,93.6±4.2,91.0±5.0,96.7±2.3,91.9±3.8,91.2±4.8,93.9±3.8,46.1±9.4,63.5±9.1,83.9±6.7,80.4±7.0,2011
Georgia,88.1±6.4,96.3±2.7,93.8±3.6,97.6±2.3,94.4±3.5,93.8±3.6,95.7±2.9,,81.7±7.6,86.6±6.5,84.8±6.8,2011
Hawaii,86.6±7.3,92.0±7.5,91.4±6.9,97.3±2.3,88.1±9.1,87.0±9.3,98.0±2.0,,,,,2011
Idaho,77.9±8.7,90.9±5.9,83.9±7.8,91.3±5.8,76.7±9.6,79.9±8.6,88.5±6.4,,,76.3±8.8,,2011
Illinois,85.5±5.8,95.4±2.6,90.3±4.6,96.7±2.1,92.9±3.0,90.9±4.3,93.9±3.2,41.1±6.6,71.1±6.6,80.4±6.2,76.3±6.3,2011
IL-City of Chicago,91.5±4.7,95.1±3.7,93.2±4.0,96.5±3.5,91.4±4.2,90.9±4.8,97.4±2.9,50.7±8.5,82.5±6.5,88.0±5.1,81.4±6.0,2011
IL-Rest of State,83.9±7.2,95.5±3.1,89.5±5.7,96.8±2.5,93.3±3.6,90.8±5.3,93.0±4.0,38.5±7.9,68.1±8.2,78.4±7.7,75.0±7.8,2011
India,89.2±5.2,95.5±3.7,93.8±4.2,96.0±3.5,90.6±5.3,92.4±4.4,94.6±3.9,59.0±8.7,73.3±7.8,87.8±5.3,80.3±6.8,2011
Iowa,91.8±4.3,97.0±2.6,90.9±4.7,97.3±2.5,91.4±4.6,91.4±4.6,96.1±2.8,52.3±8.2,79.1±6.3,87.8±5.2,83.1±6.1,2011
Kansas,89.9±4.7,93.3±4.5,90.5±4.7,93.6±4.1,92.9±4.0,91.0±4.3,94.4±3.6,57.8±9.0,68.5±8.2,85.4±5.9,83.2±6.0,2011
Kentucky,90.3±8.3,97.1±3.1,96.8±2.9,92.1±8.1,96.7±3.1,96.4±4.0,93.1±8.0,,76.9±9.8,89.2±8.3,85.5±8.8,2011
Louisia,84.7±8.2,98.6±2.0,89.3±6.5,97.8±3.3,95.5±3.6,91.0±6.2,98.6±1.9,,71.8±9.9,82.6±8.4,77.5±9.1,2011
Maine,92.8±3.9,96.0±2.8,90.7±4.6,95.9±2.9,85.8±5.5,85.1±5.5,93.3±3.9,36.8±8.2,62.6±8.0,88.5±5.1,77.4±6.6,2011
Maryland,94.5±2.9,97.9±2.0,96.0±2.9,97.5±2.1,92.5±3.4,92.6±4.3,94.9±3.0,48.9±7.5,70.2±7.4,93.0±3.3,85.4±5.0,2011
MD-Prince George's County,92.3±4.4,97.7±2.3,94.2±4.4,96.6±2.9,90.0±7.1,92.8±4.8,92.9±4.5,49.1±9.6,,88.6±5.5,80.0±8.1,2011
MD-Rest of Maryland,94.9±3.3,97.9±2.3,96.3±3.2,97.7±2.3,92.8±3.7,92.6±4.9,95.2±3.4,48.8±8.5,71.2±8.4,93.7±3.7,86.2±5.6,2011
Massachusetts,93.7±4.6,97.7±2.2,96.9±2.9,98.6±2.0,92.8±3.9,92.3±3.9,99.2±1.5,57.2±7.9,79.4±6.6,91.1±5.1,84.0±6.0,2011
Michigan,80.2±7.8,88.8±6.4,88.7±5.8,89.1±6.4,87.5±6.4,85.3±6.9,88.8±6.4,48.4±9.0,65.3±8.9,78.2±7.9,73.2±8.3,2011
Minnesota,89.6±7.1,94.0±6.1,94.8±6.0,95.5±5.9,90.7±6.4,90.0±6.6,98.2±1.8,58.8±8.6,77.9±8.4,88.3±7.2,80.9±7.7,2011
Mississippi,,91.2±9.5,90.2±8.4,95.7±5.1,,91.3±8.2,92.7±8.1,,,,,2011
Missouri,85.4±7.1,88.7±6.2,88.6±6.3,89.7±6.2,86.5±6.5,83.6±7.0,86.6±6.7,47.0±8.6,69.7±8.3,83.5±7.2,74.1±8.1,2011
Monta,,,87.6±7.3,,90.5±6.2,85.2±7.7,,,,,,2011
Nebraska,91.0±6.1,97.4±2.1,92.3±6.0,97.2±2.2,88.3±6.7,90.8±6.2,97.9±1.9,72.3±8.6,83.8±7.1,90.2±6.2,82.1±7.2,2011
Nevada,,91.8±7.3,85.0±8.7,91.6±7.3,87.7±8.7,85.6±8.7,91.8±7.2,,,,,2011
New Hampshire,84.4±6.8,91.1±5.7,89.6±5.7,91.8±5.6,87.8±6.1,82.0±7.6,91.0±5.7,48.5±8.9,73.8±7.7,83.2±6.9,72.3±8.3,2011
New Jersey,88.7±4.4,94.0±3.0,91.2±4.1,97.5±2.3,94.9±2.7,92.7±3.7,95.5±3.2,43.9±7.1,63.0±7.2,84.4±4.9,79.8±5.6,2011
New Mexico,84.2±9.2,90.0±7.4,86.7±8.5,92.2±6.4,87.1±7.3,85.1±9.1,87.7±7.8,,,81.5±9.5,,2011
New York,82.8±5.3,90.8±4.3,87.4±4.7,91.6±4.2,88.7±4.6,87.3±4.1,89.3±4.6,39.6±6.2,58.6±6.2,80.0±5.4,73.6±5.8,2011
NY-City of New York,82.9±8.6,90.7±6.5,85.7±7.2,91.0±6.5,88.3±6.8,84.4±7.5,88.5±7.2,30.6±9.0,52.6±9.6,78.4±8.8,70.9±9.1,2011
NY-Rest of State,82.7±6.7,90.8±5.6,88.6±6.1,92.1±5.5,88.9±6.1,89.2±4.5,89.9±5.9,45.8±8.3,62.7±8.2,81.0±6.9,75.5±7.4,2011
North Caroli,88.8±8.0,95.5±6.9,91.4±7.4,95.6±6.9,92.9±7.4,88.2±8.1,95.9±6.8,44.1±9.3,83.6±8.3,84.2±8.4,79.6±8.9,2011
North Dakota,93.4±4.8,92.6±7.3,94.9±4.5,97.1±3.5,92.3±7.3,89.4±7.7,95.4±5.1,,,87.8±7.9,86.3±8.0,2011
Ohio,95.2±3.2,98.2±2.0,96.6±3.3,98.3±1.9,94.7±4.1,93.3±4.6,94.3±4.4,52.3±10.0,72.5±9.0,94.5±3.5,88.1±5.6,2011
Oklahoma,84.7±9.3,92.4±5.3,85.2±9.2,93.0±5.2,89.2±6.2,85.5±9.2,89.1±7.0,,,82.5±9.9,,2011
Oregon,84.0±8.5,90.9±5.6,92.3±4.0,91.2±6.9,81.4±7.8,90.0±4.8,92.0±5.4,54.8±9.9,67.6±9.3,79.6±8.7,68.9±9.6,2011
Pennsylvania,88.4±4.5,96.6±2.4,92.8±3.4,95.7±2.8,93.4±3.6,91.7±3.8,93.9±3.5,60.6±6.9,84.0±5.0,84.0±5.0,77.8±5.8,2011
PA-Philadelphia County,93.5±4.6,95.9±3.7,95.3±4.3,96.9±3.4,91.7±5.1,92.8±5.2,96.9±3.4,65.6±9.7,83.6±7.9,92.2±5.0,88.0±6.0,2011
PA-Rest of State,88.0±4.9,96.7±2.6,92.6±3.6,95.6±3.0,93.5±3.9,91.6±4.1,93.7±3.8,60.2±7.5,84.0±5.3,83.3±5.4,76.9±6.3,2011
Rhode Island,89.3±4.1,98.3±1.8,96.1±2.5,99.3±1.0,97.6±2.0,90.8±3.7,97.2±2.0,53.0±7.6,84.3±5.9,86.4±4.6,81.8±5.2,2011
South Caroli,85.5±8.8,97.5±2.6,90.4±7.4,97.5±2.6,93.2±4.5,93.5±6.5,94.6±6.4,,,81.9±9.4,77.3±9.9,2011
South Dakota,,99.5±0.7,96.7±2.8,98.5±2.2,98.5±1.5,91.1±7.6,91.3±9.8,23.9±10.0,,,,2011
Tennessee,82.5±8.2,91.6±5.9,90.3±6.1,92.6±5.8,88.3±6.3,89.8±6.3,91.4±6.3,,80.1±8.1,82.2±8.2,78.6±8.5,2011
Texas,84.6±4.9,92.7±3.8,94.2±2.7,94.9±3.2,89.8±4.1,94.3±2.2,95.4±3.1,58.3±6.7,75.9±5.8,82.9±5.0,76.7±5.5,2011
TX-Bexar County,80.8±8.9,91.8±6.7,91.6±6.2,92.7±7.2,93.9±4.1,96.2±2.6,95.8±3.2,61.0±9.8,72.4±9.5,80.0±8.9,76.0±9.3,2011
TX-City of Houston,,92.9±7.9,90.5±8.3,94.8±7.8,87.3±8.4,87.6±8.9,94.4±7.8,,,,,2011
TX-Dallas County,,,85.2±9.8,,90.5±5.4,,,,,,,2011
TX-El Paso County,,,92.5±7.3,94.8±7.1,85.4±9.3,93.2±7.3,92.1±8.0,,,,,2011
TX-Rest of State,86.7±6.2,94.0±4.7,95.9±3.2,96.3±3.9,89.7±5.4,96.6±2.3,96.8±3.7,59.2±8.7,78.3±7.4,85.5±6.3,79.5±7.0,2011
Utah,82.5±6.3,92.1±4.4,88.8±5.6,91.8±4.6,87.4±5.4,85.7±6.4,89.8±5.2,58.6±8.4,66.3±8.1,80.1±6.7,73.8±7.4,2011
Vermont,88.5±5.9,95.7±3.1,95.5±3.1,97.7±2.0,90.3±5.0,84.3±7.3,96.7±2.8,39.9±9.5,65.5±9.3,85.4±6.3,73.7±8.5,2011
Virginia,83.9±8.0,94.4±4.5,88.3±6.5,97.9±1.7,83.8±7.4,88.8±6.6,89.6±7.0,49.7±8.3,71.1±8.3,81.4±8.0,74.4±8.5,2011
Washington,85.2±7.6,89.0±7.0,90.7±5.5,89.1±7.3,82.2±7.8,88.4±6.6,90.3±7.0,47.0±9.3,72.4±8.5,81.2±8.0,72.5±8.6,2011
West Virginia,87.4±6.6,95.6±4.1,87.5±6.6,97.8±2.2,92.9±4.8,89.1±6.4,96.2±3.0,66.4±9.6,74.3±8.5,81.5±7.8,78.5±8.1,2011
Wisconsin,87.4±6.1,94.1±4.5,93.9±4.2,94.4±4.2,89.3±5.9,89.9±5.9,93.6±4.6,54.6±8.6,81.0±7.0,84.8±6.6,80.5±7.1,2011
Wyoming,,,,,,83.5±10.0,87.6±9.4,,,,,2011
US tiol,86.0±1.5,92.7±1.1,91.0±1.2,,89.0±1.2,89.8±1.2,92.6±1.1,54.5±2.0,74.0±1.8,83.0±1.6,75.0±1.8,2012
Alabama,87.0±7.8,93.0±5.1,85.8±9.6,,84.4±8.2,89.1±7.5,92.7±5.1,,,85.6±8.0,,2012
Alaska,79.2±8.2,90.2±6.3,86.3±6.9,,89.8±6.4,82.5±7.3,91.2±5.8,52.2±9.7,61.0±9.5,77.2±8.3,66.2±9.2,2012
Arizo,84.8±8.9,92.8±6.5,85.6±9.5,,87.9±7.2,84.1±9.6,93.9±5.1,,78.3±8.7,81.5±9.8,,2012
Arkansas,84.3±8.4,97.5±2.2,91.0±6.2,,88.9±6.7,92.4±5.3,95.9±4.5,,,82.7±8.7,,2012
California,84.6±7.6,90.1±5.3,90.5±6.0,,86.0±6.5,91.2±5.1,90.1±5.7,,72.2±9.6,80.5±8.4,73.0±9.5,2012
Colorado,87.9±7.0,94.1±4.3,92.1±5.2,,90.5±5.4,89.2±5.9,96.8±2.5,,82.4±7.7,84.2±7.8,78.3±8.6,2012
Connecticut,93.7±4.0,95.3±3.8,95.1±3.0,,95.1±3.8,93.5±3.6,93.1±4.5,64.9±7.2,78.7±6.7,90.3±4.6,84.8±5.4,2012
Delaware,91.2±5.6,99.0±1.4,96.3±4.3,,91.7±5.3,95.5±4.7,98.2±2.1,70.2±8.6,84.9±7.6,88.2±6.7,77.9±8.2,2012
Dist. of Columbia,90.2±6.2,95.4±3.5,96.2±3.0,,89.9±5.5,94.2±4.1,92.8±4.7,59.1±8.7,51.3±8.8,88.9±6.3,80.5±7.7,2012
Florida,,91.0±9.9,95.4±5.0,,91.9±7.2,96.8±4.6,94.9±5.9,,,,,2012
Georgia,86.5±7.5,96.1±4.6,90.6±6.6,,97.3±2.7,90.8±6.8,93.9±5.1,,77.1±8.6,83.7±8.0,77.3±9.1,2012
Hawaii,91.6±5.4,97.3±2.6,95.8±3.8,,96.0±3.4,95.8±3.8,97.0±2.8,52.2±9.9,68.4±9.4,89.4±6.1,84.9±7.3,2012
Idaho,,91.4±5.4,93.1±4.5,,83.0±7.9,90.0±5.5,90.0±6.2,,62.7±9.8,,,2012
Illinois,89.2±4.2,94.7±2.4,90.4±4.1,,91.4±3.4,89.4±4.4,94.2±3.1,49.1±7.5,80.2±6.0,86.6±4.6,80.7±5.4,2012
IL-City of Chicago,84.6±9.7,93.6±4.3,86.2±9.5,,85.1±8.7,,90.0±8.9,,82.4±9.7,81.8±9.9,,2012
IL-Rest of State,90.7±4.6,95.0±2.9,91.8±4.4,,93.5±3.4,91.5±4.4,95.6±2.8,51.9±9.1,79.5±7.4,88.2±5.0,84.7±5.6,2012
India,77.8±9.1,89.7±6.5,89.7±6.2,,82.7±8.0,86.9±7.4,90.3±6.3,,70.5±9.4,76.3±9.2,66.3±10.0,2012
Iowa,92.3±4.3,96.7±3.0,92.0±5.1,,93.0±4.4,94.2±3.8,94.8±3.6,66.6±8.1,76.2±7.4,87.4±6.1,80.2±7.4,2012
Kansas,81.6±7.5,89.8±5.8,89.3±5.7,,87.3±6.1,86.1±6.6,89.8±5.8,59.7±9.1,60.9±9.2,79.0±7.8,68.2±8.8,2012
Kentucky,87.2±6.4,92.7±5.4,90.2±5.8,,89.9±5.9,89.6±5.9,90.7±5.8,53.1±9.8,73.1±8.8,85.0±6.6,75.4±7.8,2012
Louisia,,95.2±6.7,,,95.2±6.7,85.4±9.9,95.4±6.7,,,,,2012
Maine,92.2±4.6,94.7±3.3,93.1±4.5,,85.4±6.1,90.5±5.0,94.5±3.5,52.2±10.0,71.9±8.4,88.5±5.7,75.3±8.4,2012
Maryland,86.4±8.0,94.5±6.4,94.5±6.3,,91.3±6.7,93.2±6.4,91.9±6.9,48.9±9.0,75.6±8.9,85.7±8.0,76.4±8.8,2012
Massachusetts,86.8±5.8,93.8±4.1,92.3±4.5,,90.4±4.9,87.9±5.7,94.6±4.0,56.7±8.2,83.3±6.5,85.3±5.9,77.3±7.1,2012
Michigan,90.0±6.5,94.9±3.9,88.9±6.8,,89.3±5.9,86.7±7.3,92.7±4.6,40.7±9.3,68.0±9.3,85.8±7.3,78.3±8.3,2012
Minnesota,85.2±6.5,94.8±3.5,91.4±5.0,,85.7±6.3,89.8±5.0,92.3±5.3,57.7±9.3,81.8±6.8,81.3±7.2,69.3±8.8,2012
Mississippi,,94.0±7.3,,,94.7±7.1,,,,,,,2012
Missouri,90.1±7.6,96.1±4.0,94.6±4.2,,93.3±4.2,90.7±7.0,90.1±6.6,,,89.4±7.7,75.5±9.9,2012
Monta,83.0±7.1,91.6±5.3,92.9±4.6,,85.9±6.4,83.4±7.4,91.1±5.4,50.4±9.4,69.0±8.4,81.3±7.2,70.3±8.7,2012
Nebraska,86.5±6.2,94.5±4.0,89.1±5.8,,88.2±6.0,91.3±5.1,96.6±2.9,66.9±8.4,79.2±7.3,84.0±6.8,78.8±7.5,2012
Nevada,80.5±8.3,89.7±5.5,84.4±8.1,,85.7±6.6,86.2±7.5,89.9±5.6,,62.9±9.4,76.8±8.8,70.4±9.2,2012
New Hampshire,89.4±5.5,93.8±4.2,91.9±4.5,,85.4±6.3,90.3±4.8,93.3±4.3,58.1±8.2,84.3±6.1,88.3±5.6,78.7±7.1,2012
New Jersey,90.6±4.5,90.7±4.8,94.6±3.6,,89.7±5.0,93.5±3.8,92.6±4.6,45.8±8.5,69.8±7.9,87.2±5.4,79.8±6.8,2012
New Mexico,85.6±7.2,94.3±4.7,87.4±7.3,,83.2±9.4,85.0±7.9,93.5±4.9,,80.5±8.2,82.1±7.9,,2012
New York,87.7±4.2,94.7±3.0,91.1±3.6,,89.7±3.9,88.0±4.3,95.2±3.0,44.5±6.4,70.5±5.9,83.2±4.7,72.5±5.7,2012
NY-City of New York,88.5±5.7,95.3±3.9,90.8±5.6,,89.9±5.4,87.4±6.2,91.7±5.8,41.8±9.3,64.3±9.0,84.9±6.6,74.5±8.0,2012
NY-Rest of State,87.2±5.8,94.3±4.2,91.3±4.7,,89.6±5.4,88.4±5.7,97.5±3.1,46.4±8.6,74.6±7.7,82.1±6.5,71.1±7.8,2012
North Caroli,92.3±5.6,93.2±5.4,89.9±7.2,,91.9±5.9,87.5±7.6,91.9±6.1,59.4±9.8,75.1±8.8,86.1±7.6,81.6±8.0,2012
North Dakota,92.1±5.4,97.5±2.6,94.3±4.2,,94.7±3.7,92.5±4.2,96.9±2.8,68.2±8.5,87.6±5.7,89.7±6.1,82.9±7.1,2012
Ohio,88.1±8.8,91.7±8.3,89.5±8.7,,84.1±9.3,89.8±8.4,90.5±8.5,,73.9±9.1,87.0±8.8,77.4±9.6,2012
Oklahoma,,92.5±5.8,90.6±8.6,,89.1±6.9,89.4±8.8,94.1±4.4,,,,,2012
Oregon,86.4±7.2,88.3±7.1,87.2±5.8,,79.9±8.1,81.1±8.3,89.7±5.6,54.6±9.4,68.2±8.8,81.2±7.8,69.1±9.1,2012
Pennsylvania,84.8±6.1,93.4±4.6,90.9±5.3,,90.6±5.1,89.0±5.6,93.3±4.1,65.0±7.8,77.5±7.4,82.9±6.4,76.3±7.2,2012
PA-Philadelphia County,86.9±9.1,96.0±3.6,96.3±3.5,,90.6±5.5,94.8±4.1,94.5±4.2,,82.8±9.2,86.9±9.1,80.3±9.7,2012
PA-Rest of State,84.7±6.5,93.2±5.0,90.5±5.8,,90.6±5.5,88.5±6.0,93.2±4.4,64.3±8.4,77.0±7.9,82.5±6.9,75.9±7.7,2012
Rhode Island,87.6±8.3,99.2±1.2,92.5±5.3,,93.8±5.2,89.7±6.1,93.6±5.7,54.3±9.4,83.3±9.4,84.4±8.6,75.1±9.3,2012
South Caroli,89.6±6.2,92.7±5.2,92.8±4.4,,93.2±5.5,93.7±4.0,92.9±5.0,,80.8±8.3,87.7±6.5,83.3±8.1,2012
South Dakota,82.2±7.7,95.9±3.4,92.0±5.0,,92.5±4.2,93.1±4.7,92.0±4.9,38.2±9.2,65.7±9.3,78.1±8.0,70.2±8.5,2012
Tennessee,,89.9±8.7,94.2±5.6,,87.2±9.2,94.1±5.7,92.3±7.7,,,,,2012
Texas,82.1±4.8,92.0±3.0,91.6±3.6,,88.1±3.6,89.8±4.0,91.5±3.7,59.9±6.0,71.4±5.9,80.7±4.9,74.3±5.3,2012
TX-Bexar County,,93.0±5.5,88.8±7.3,,88.2±8.4,87.8±9.2,92.8±6.0,,,,,2012
TX-City of Houston,91.8±5.2,98.6±1.7,98.0±2.1,,94.9±4.6,92.9±6.0,98.6±1.9,,88.7±7.0,90.2±5.5,,2012
TX-Dallas County,88.5±7.7,90.6±7.7,97.2±2.4,,89.8±7.7,95.9±3.5,91.6±8.3,,,86.9±8.1,83.8±8.4,2012
TX-El Paso County,,,,,,,,,,,,2012
TX-Rest of State,80.7±6.3,91.6±3.9,90.6±4.8,,87.3±4.7,89.0±5.2,90.8±4.8,58.4±7.7,68.6±7.6,79.3±6.4,73.8±6.8,2012
Utah,83.9±7.4,92.7±5.9,87.5±7.0,,89.6±6.4,88.2±6.5,92.0±6.0,61.8±9.0,76.2±8.3,82.7±7.6,77.7±8.0,2012
Vermont,87.5±6.4,89.9±6.5,90.2±6.1,,88.6±6.7,73.1±9.0,91.9±5.6,40.2±8.9,65.7±8.7,81.6±7.7,61.4±9.2,2012
Virginia,86.4±7.3,94.8±3.4,95.9±3.5,,92.3±5.1,92.1±5.6,95.3±4.5,50.3±9.8,79.2±8.2,83.6±7.5,72.3±9.2,2012
Washington,85.3±7.0,88.1±6.6,83.8±8.0,,83.7±7.9,82.4±8.1,92.3±5.1,48.2±9.7,73.6±8.7,75.4±9.0,65.6±9.7,2012
West Virginia,87.3±7.7,95.4±4.2,87.1±7.6,,94.6±4.4,83.8±8.7,94.4±4.7,,,82.5±8.9,,2012
Wisconsin,91.2±4.9,92.2±5.1,91.4±5.1,,88.8±6.2,90.6±4.7,93.9±4.4,57.5±8.7,73.7±8.1,88.0±5.7,79.0±7.4,2012
Wyoming,86.5±5.9,93.3±4.5,89.9±5.7,,89.6±5.6,85.4±6.9,91.0±4.8,36.5±8.8,69.1±8.5,83.0±6.7,71.5±8.2,2012
US tiol,87.5±1.5,94.4±1.0,92.5±1.0,94.5±1.0,91.2±1.2,91.7±1.1,94.2±1.0,55.8±2.2,77.9±1.8,85.3±1.6,80.7±1.7,2013
Alabama,,,,,,,,,,,,2013
Alaska,75.2±9.0,91.0±6.3,88.0±5.8,87.9±7.3,92.6±5.2,87.6±5.8,88.3±7.2,45.6±9.7,69.9±9.0,71.7±9.1,70.2±9.2,2013
Arizo,81.6±8.7,91.1±5.4,87.7±6.7,89.7±6.1,85.6±7.0,89.6±5.9,88.7±6.3,,80.0±7.8,78.7±9.2,74.6±9.6,2013
Arkansas,,91.8±8.9,,,,,,,,,,2013
California,91.0±6.7,94.8±5.5,95.0±4.4,95.2±5.4,93.4±5.7,94.9±4.4,95.2±5.4,,84.7±9.7,89.2±7.0,88.6±7.1,2013
Colorado,85.8±6.1,91.4±5.0,88.5±5.6,90.9±5.4,84.0±6.2,88.9±5.3,92.3±4.6,51.8±9.1,67.5±8.7,83.7±6.4,75.1±7.5,2013
Connecticut,91.3±5.4,96.5±3.9,93.9±5.1,96.5±3.9,94.3±4.4,92.8±5.4,94.0±5.1,74.7±8.4,82.2±7.5,88.6±6.3,84.1±7.0,2013
Delaware,86.2±7.9,96.5±4.1,94.0±5.3,97.8±3.2,94.1±5.0,91.5±6.3,97.2±3.4,,85.5±8.1,84.4±8.1,78.9±9.0,2013
Dist. of Columbia,92.3±6.2,98.6±2.1,98.2±2.0,99.6±0.9,94.6±5.0,97.0±3.7,98.9±1.5,,,92.0±6.2,85.3±8.2,2013
Florida,,95.4±4.7,90.5±6.8,95.2±4.9,92.0±5.9,89.0±7.9,94.5±5.1,,,,,2013
Georgia,,96.5±4.8,93.6±5.3,96.8±4.5,89.9±7.7,96.7±4.1,95.6±4.8,,,,,2013
Hawaii,84.1±8.0,93.3±5.6,91.1±5.7,97.2±2.7,84.2±8.1,88.5±7.5,93.4±5.5,,72.4±9.6,79.3±9.0,,2013
Idaho,84.1±7.2,92.4±4.9,92.1±5.0,93.0±4.7,91.0±5.4,88.0±6.1,92.3±4.9,68.4±9.0,71.1±9.4,82.9±7.3,79.4±7.9,2013
Illinois,92.1±3.5,95.8±3.3,94.1±3.1,97.3±2.1,93.1±3.4,93.6±3.1,93.5±3.9,50.4±7.7,78.9±6.2,90.0±4.4,84.5±5.2,2013
IL-City of Chicago,94.6±5.8,99.1±1.7,91.9±8.1,,91.1±6.8,92.5±6.9,,,87.5±8.7,92.9±6.6,83.9±9.1,2013
IL-Rest of State,91.5±4.1,95.0±4.0,94.6±3.2,96.6±2.5,93.6±3.9,93.9±3.5,92.0±4.8,51.8±8.9,76.9±7.4,89.3±5.1,84.6±6.0,2013
India,79.6±8.4,88.9±6.8,91.6±6.0,90.2±6.6,89.4±6.5,89.1±6.5,89.3±6.7,64.6±9.8,72.6±10.0,78.5±8.5,71.9±9.1,2013
Iowa,92.0±4.6,98.2±1.6,96.3±2.8,98.2±1.6,98.7±1.4,92.2±4.9,97.0±2.6,,81.5±8.3,90.8±4.9,87.0±6.1,2013
Kansas,83.4±8.2,94.3±4.6,91.0±5.9,95.8±4.1,92.9±5.2,94.7±4.3,93.6±5.1,,76.6±9.7,82.1±8.3,78.5±8.7,2013
Kentucky,,,88.4±9.6,,,90.8±8.7,,,,,,2013
Louisia,83.4±9.1,93.3±5.4,90.7±6.7,94.4±5.0,92.1±5.8,95.4±4.7,89.2±7.6,,,82.9±9.2,80.6±9.5,2013
Maine,91.8±6.2,91.1±6.3,86.6±7.6,91.0±6.5,74.5±9.7,87.5±6.4,89.4±6.8,,,80.9±9.0,,2013
Maryland,93.6±4.9,98.3±1.3,96.1±4.7,97.6±2.1,92.6±6.0,94.4±5.2,96.1±3.7,,91.7±4.4,93.4±5.0,88.4±6.7,2013
Massachusetts,95.2±3.6,97.2±3.1,97.0±3.3,98.0±2.8,89.1±6.1,95.0±3.8,97.9±2.8,62.8±9.1,86.7±6.6,93.5±4.2,83.3±6.9,2013
Michigan,90.3±5.6,94.6±4.5,93.0±5.3,93.9±4.9,90.0±5.8,89.5±6.1,94.9±4.4,58.8±9.7,83.3±7.2,88.7±6.3,82.7±7.2,2013
Minnesota,92.9±5.2,97.8±2.3,93.3±5.2,98.5±1.9,95.4±3.4,91.3±5.8,97.5±2.4,,85.0±8.1,88.9±6.6,85.4±7.3,2013
Mississippi,,93.9±5.4,92.8±5.9,95.0±4.9,89.1±7.3,87.3±9.9,93.9±5.4,,,,,2013
Missouri,83.6±9.0,88.5±8.1,88.6±8.0,83.2±9.3,82.9±8.6,86.9±8.6,89.0±8.2,,,80.5±9.7,,2013
Monta,82.9±9.0,93.7±3.9,86.7±7.7,90.5±6.8,89.5±6.5,89.6±5.6,91.8±6.4,,75.2±9.0,78.7±9.3,,2013
Nebraska,91.8±5.1,96.2±2.8,92.2±5.5,96.6±2.7,96.2±2.8,92.3±5.1,97.0±2.4,65.2±8.9,81.6±7.3,88.7±6.0,87.0±6.2,2013
Nevada,79.4±7.9,94.7±4.2,91.9±4.5,90.9±5.2,90.4±5.5,88.6±6.0,91.6±5.3,55.4±9.9,66.9±9.7,77.9±8.0,67.0±9.1,2013
New Hampshire,91.4±4.7,97.7±2.4,96.3±3.2,97.2±2.7,93.4±4.3,93.2±4.5,97.5±2.6,54.9±9.1,82.0±6.9,89.3±5.2,82.0±6.8,2013
New Jersey,93.2±4.7,93.6±5.2,96.8±3.6,98.4±1.9,93.8±4.8,96.1±4.1,99.0±1.4,51.0±9.7,75.7±8.2,88.7±6.4,85.4±6.9,2013
New Mexico,89.1±6.5,87.4±7.6,90.3±6.3,91.7±5.7,82.1±8.0,86.8±7.0,92.2±5.5,,,84.1±8.2,74.1±9.6,2013
New York,87.7±5.0,94.8±3.8,95.8±2.6,96.9±3.1,93.5±4.1,92.6±4.2,94.8±3.6,42.7±7.4,75.0±6.3,84.4±5.5,79.0±6.1,2013
NY-City of New York,90.9±5.7,94.8±5.2,95.8±3.7,98.2±2.6,93.2±5.8,93.3±5.2,94.4±5.0,,,88.3±6.6,80.0±8.7,2013
NY-Rest of State,85.4±7.4,94.8±5.3,95.8±3.6,96.0±4.9,93.7±5.7,92.1±6.0,95.1±5.0,,81.8±7.7,81.7±8.0,78.3±8.5,2013
North Caroli,93.3±5.1,95.8±4.6,95.1±4.8,95.8±4.6,92.7±5.5,95.1±4.8,95.6±4.6,,75.8±9.6,90.7±6.6,88.4±7.1,2013
North Dakota,80.8±6.9,93.1±3.9,92.2±3.8,94.2±3.6,92.9±3.8,90.7±4.3,93.7±4.1,62.4±8.0,80.5±6.2,80.1±6.9,78.8±7.0,2013
Ohio,78.5±8.8,92.5±5.9,88.1±6.0,92.6±6.3,92.3±5.9,83.5±7.8,92.6±6.3,,77.9±8.6,75.6±9.0,75.0±9.1,2013
Oklahoma,,89.8±7.2,86.7±7.8,88.4±7.7,88.4±6.9,85.7±8.4,90.0±7.1,,,,,2013
Oregon,88.1±6.2,92.1±5.4,89.8±5.8,94.7±4.6,88.4±6.0,88.0±6.2,93.6±4.8,53.6±8.8,70.9±8.2,83.4±6.9,78.8±7.4,2013
Pennsylvania,90.2±4.6,95.4±3.4,90.5±5.4,95.0±3.6,90.8±4.9,92.1±4.5,95.4±3.4,68.5±7.1,83.9±6.5,89.3±4.7,83.6±5.6,2013
PA-Philadelphia County,85.0±8.4,94.4±4.6,94.4±5.4,92.1±8.9,96.6±3.5,96.6±3.5,94.4±5.4,,,82.8±9.2,,2013
PA-Rest of State,90.7±4.9,95.5±3.7,90.2±5.9,95.2±3.9,90.2±5.3,91.7±4.8,95.5±3.7,68.3±7.6,84.0±7.0,89.8±5.0,84.0±6.0,2013
Rhode Island,93.9±5.1,95.8±3.8,93.2±5.3,94.6±4.9,95.6±3.9,95.2±4.0,96.4±3.6,,91.4±5.0,91.8±5.6,89.7±6.0,2013
South Caroli,,93.9±5.5,92.2±5.9,89.6±9.0,91.8±5.9,87.9±9.4,94.7±5.3,,,,,2013
South Dakota,90.1±6.3,92.8±5.6,91.5±7.8,94.0±5.1,89.8±8.2,90.7±7.8,94.5±4.6,,,85.4±8.9,83.3±9.1,2013
Tennessee,83.3±8.2,93.6±4.8,91.8±6.9,91.1±7.2,91.0±5.6,89.1±7.3,94.2±4.6,,74.6±9.6,83.3±8.2,77.5±9.2,2013
Texas,87.8±5.5,92.8±4.4,93.0±4.1,93.6±4.3,89.5±5.2,92.0±4.6,93.1±4.4,65.5±8.2,78.0±8.1,86.6±5.6,82.0±6.5,2013
TX-Bexar County,,96.4±5.6,91.5±7.7,96.4±5.6,92.2±7.3,91.5±7.7,94.7±6.3,,,,,2013
TX-City of Houston,,,93.1±9.9,,,93.1±9.9,,,,,,2013
TX-Dallas County,,,,,,,,,,,,2013
TX-El Paso County,,92.6±6.1,91.9±8.2,92.9±6.3,91.7±6.3,92.5±8.2,95.8±5.0,,,,,2013
TX-Rest of State,88.5±6.4,93.2±5.1,93.1±4.8,93.9±5.0,89.3±6.1,91.9±5.4,93.5±5.0,65.1±9.6,78.4±9.5,87.3±6.6,82.1±7.6,2013
Utah,90.3±5.4,95.7±3.3,91.8±4.7,95.5±3.3,91.4±4.8,95.5±3.4,94.5±4.1,67.6±8.4,77.7±7.5,88.0±6.0,83.6±6.7,2013
Vermont,87.5±6.3,97.7±1.9,95.3±3.1,96.2±3.9,93.5±3.9,91.8±4.3,96.0±4.0,54.7±9.1,82.4±6.5,84.0±6.7,77.0±7.9,2013
Virginia,,95.2±4.3,,93.6±6.8,88.8±7.5,90.0±7.4,93.5±6.8,,,,,2013
Washington,87.7±6.7,96.7±3.2,95.4±4.4,97.1±2.9,91.4±7.7,90.0±7.3,96.5±3.2,66.9±9.8,83.9±7.1,87.0±6.8,79.6±9.4,2013
West Virginia,84.7±9.6,93.8±6.9,,93.2±7.0,89.0±8.4,,91.7±7.6,,,,,2013
Wisconsin,90.3±7.3,97.3±3.4,94.1±6.0,95.2±5.2,95.2±4.0,92.5±6.2,96.0±3.8,69.5±9.2,77.0±9.0,88.8±7.5,85.6±7.7,2013
Wyoming,83.0±8.0,90.4±7.1,87.8±7.5,90.4±7.1,87.8±7.5,89.1±7.3,88.7±7.3,,73.2±9.4,82.2±8.1,80.5±8.2,2013
